name,category,price_eur
 Float Line Air Sleeve Rebuild Kit,dampery,26.99
54mm Trunnion Service Tool,dampery,99.99
8x30 Rear Shock Bearing Adapter Socket Tool,dampery,28.99
Air Can Upgrade Kit Solo Air SIDLuxe A1+,dampery,29.99
Air Can XL Upgrade Kit Deluxe/ Super Deluxe C1+,dampery,54.99
Air Fill Valve Adapter IFP 2022-2026,dampery,47.99
Air Valve Assembly for Monarch,dampery,11.99
Air Valve Slim M6,dampery,39.99
Battery Service Set for Neo,dampery,89.99
Bottemless Ring-Kit Monarch/Vivid Air,dampery,8.49
Bushing Set 22x8mm metric/imperial,dampery,4.99
Bushing Set 8mm metric/imperial,dampery,4.99
Bushing Set 8x30mm,dampery,32.99
Bushing Tool,dampery,19.99
Bushing set 10mm metric/imperial,dampery,7.99
Clamp Adapters,dampery,24.99
Clamp Tips Super Deluxe A1-B2 / Thrushaft C1+,dampery,20.99
Clamp Tool,dampery,89.99
Clamp Tool Vivid C1,dampery,15.99
Crush Washer AL 6mm Bushing Set,dampery,21.99
Crush Washer AL 8mm Bushing Set,dampery,21.99
Crush Washer SS 10mm Bushing Set,dampery,28.99
DHX Factory 2Pos-Adj Shock,dampery,579.99
DHX LiveValve Neo Shock,dampery,929.99
DHX LiveValve Neo Trunnion Shock,dampery,999.99
DHX2 / Float X2 VVC Shaft Service Tool,dampery,33.99
DHX2 Factory 2Pos-Adj Rear Shock,dampery,749.99
DHX2 Factory 2Pos-Adj Trunnion Rear shock,dampery,794.99
DHX2 Factory HSC LSC HSR LSR Rear Shock,dampery,779.99
DHX2 Factory HSC LSC HSR LSR Trunnion Rear Shock,dampery,699.99
DHX2/Float X2 Adjustment Tool,dampery,34.99
"DPS 5/8"" Piston Tool",dampery,54.99
Damper Body HB Super Deluxe C1+ 65mm,dampery,19.99
"Damper Bushings 1/2 x 1/2"" (2 pieces)",dampery,4.99
Damper ServiceKit 50 hours,dampery,29.99
Deluxe / Super Deluxe  Megneg Upgrade Kit ,dampery,50.99
Deluxe / Super Deluxe Volumenspacer Kit,dampery,8.99
Deluxe Select DebonAir 185x55 Trunnion Shock,dampery,49.99
Deluxe Select DebonAir 205x60 Trunnion Shock,dampery,49.99
Deluxe Select DebonAir 210x50 Shock,dampery,29.99
Deluxe Select+ DebonAir 230x60 Shock,dampery,49.99
Deluxe Ultimate RCT DebonAir+,dampery,249.99
Deluxe Ultimate RCT DebonAir+ Trunnion,dampery,259.99
Deluxe/Super Deluxe Gnar Dog 2.5T Volumenspacer,dampery,5.49
Deluxe/Super Deluxe Vise Blocks ,dampery,35.99
Deluxe/Super Deluxe metric 6mm Bushing Set,dampery,7.99
Eyelet Bearing Kit for Deluxe / Super Deluxe Shock (2017+),dampery,29.99
Eyelet Bushing Removal/Install Tool 12mm,dampery,9.99
Eyelet Bushings 12mm for Ario/Bar/MC3/Pearl (2 pieces),dampery,3.99
Eyelet Internal Bearing Removal Tool Kit 0.3,dampery,51.99
Eyelet Torque Tool,dampery,119.99
FloaFloat Performance 2Pos-Adj 205x60 LV E-Tuned EVOL Trunnion Shock,dampery,49.99
Float DPS Performance 3Pos-Adj LV 185x55 Trunnion Shock,dampery,69.99
Float DPX2 Air Volume Spacer Kit,dampery,29.99
Float Factory 2Pos-Adj LV Shock,dampery,499.99
Float Factory 2Pos-Adj LV Trunnion Shock,dampery,529.99
Float Performance 2Pos-Adj EVOL LV 205x60 Trunnion Rear Shock,dampery,79.99
Float Performance Elite EVOL LV 2pos-Adj 210x55mm Rear shock,dampery,149.99
Float SL Performance 3Pos-Adj LV 210x52.5mm Rear shock,dampery,89.99
Float X Factory 2Pos-Adj Shock,dampery,579.99
Float X LiveValve Neo Shocks,dampery,974.99
Float X2 Bearing Housing Service Tool,dampery,58.99
Float X2 Factory 2POS Trunnion Dämpfer,dampery,829.99
Float X2 Factory 2Pos-Adj Rear shock,dampery,749.99
Float X2 Factory 2Pos-Adj Trunnion Shock,dampery,699.99
Float X2 Factory EVOL 2Pos 205x65 Trunnion Rear Shock,dampery,389.99
Float X2 Factory HSC LSC HSR LSR Rear shock,dampery,799.99
Float X2 Factory HSC LSC HSR LSR Trunnion Rear Shock,dampery,799.99
Float X2 Performance 225x75mm Trunnion Rear shock,dampery,139.99
Float X2 Volume Spacer 0.25in from 2017,dampery,15.99
High Pressure Digital Fork / Shock Pump 300 psi,dampery,54.99
"Hydraulic Fluid Reverb W2,5 120ml",dampery,3.49
IFP Tool Monarch/Deluxe,dampery,34.99
LiveValve Neo Kit,dampery,479.99
Lowspeed Compression Upgrade Kit Float X / DHX,dampery,33.99
Monarch/Monarch Plus Nylon Balls (20 pieces),dampery,3.49
Monarch/Vivid/Vivid Air/Reverb Vise Blocks,dampery,30.99
Piston Tool ,dampery,36.99
Piston Tool Deluxe/ Nude,dampery,24.99
Pump Adapter Monarch / Ario,dampery,7.99
"Rear Shock Bushing Tool 1/2"" x 1/2""",dampery,12.99
Rear Shock ServiceKit 200 hours / 1 year,dampery,19.99
Rear Shock Tune Assembly Deluxe Air C1 (2023+),dampery,13.99
Rebound Shock Tool,dampery,39.99
Rebuild Kit DHX / VAN R,dampery,18.99
SIDLuxe A1+ Air Valve Adapter Tool,dampery,7.99
SIDLuxe A2 Upgrade Kit,dampery,39.99
SIDLuxe Ultimate 3P Standard,dampery,279.99
SIDLuxe Ultimate Flight Attendant,dampery,559.99
SIDLuxe Ultimate RLR 165X45 DebonAir Trunnion rear shock TOP-DEAL,dampery,189.99
SIDLuxe Vise Blocks,dampery,44.99
Shock Polymer DU Bushing,dampery,1.79
Shock Polymer DU Bushing for Float X until 2017,dampery,5.99
Super Deluxe Thrushaft Volume Spacer,dampery,7.99
Super Deluxe Ultimate RC2T,dampery,379.99
Super Deluxe Ultimate RC2T Trunnion,dampery,369.99
Suspension Fluid 10 WT 120ml,dampery,3.89
Suspension Fluid 2.5 WT 120ml,dampery,3.49
Suspension Fluid 4WT 1000ml,dampery,45.99
Suspension Pump,dampery,27.99
Vivid Air Rear Shock Tool,dampery,31.99
Vivid Air Reservoir Flat Wrench 31mm,dampery,17.99
Vivid C1+ Rear Shock Tool Set,dampery,119.99
Vivid Ultimate C1+ RC2T Upgrade Kit,dampery,164.99
Vivid Ultimate DH RC2 DebonAir Trunnion,dampery,419.99
Vivid Ultimate RC2T DebonAir Standard,dampery,459.99
Vivid Ultimate RC2T DebonAir Trunnion,dampery,469.99
Vivid/Vivid Air Counter Measure Tool,dampery,59.99
DB8 Stealth Disc Brake,hamulce,64.99
DB8 Stealth Disc Brake Set,hamulce,159.99
DB8 Stealth Disc Brake Set + Centerline 180/200mm,hamulce,249.99
DEORE BL-M4100+BR-MT410 Scheibenbremsen-Set J-Kit,hamulce,44.98
DEORE BL-M4100+BR-MT420/410 Disc Brake Set,hamulce,99.99
DEORE BL-M4100/BR-MT410 Disc Brake 1000mm front,hamulce,34.99
DEORE BL-M4100/BR-MT410 Disc Brake 1700mm rear,hamulce,43.99
DEORE BL-M4100/BR-MT410 Disc Brake Set,hamulce,72.99
DEORE BL-M4100/BR-MT410 Disc Brake Set J-Kit,hamulce,39.99
DEORE BL-M4100/BR-MT410 Disc Brake front J-Kit,hamulce,22.99
DEORE BL-M4100/BR-MT410 rear disc brake J-Kit TOP-DEAL,hamulce,19.99
DEORE BL-M4100/BR-MT420 Disc Brake 1000mm front,hamulce,64.99
DEORE BL-M4100/BR-MT420 Disc Brake 1700mm rear,hamulce,64.99
DEORE BL-M4100/BR-MT420 Disc Brake Set,hamulce,126.99
DEORE BL-M6100+BR-M6100 Disc Brake rear J-Kit,hamulce,29.99
DEORE BL-M6100+BR-M6120 Disc Brake rear,hamulce,39.99
DEORE BR-M6100 Disc Brake 1000mm front,hamulce,59.99
DEORE BR-M6100 Disc Brake 1700mm rear,hamulce,64.99
DEORE BR-M6100 Disc Brake Set,hamulce,119.99
DEORE BR-M6120 Disc Brake 1000mm front,hamulce,79.99
DEORE BR-M6120 Disc Brake 1700mm rear,hamulce,84.99
DEORE BR-M6120 Disc Brake Set,hamulce,159.99
DEORE BR-M6120/M6100 Disc Brake Set,hamulce,139.99
Guide T front disc brake 900mm + PM adapter 20mm TOP-DEAL,hamulce,15.99
Maven Base Stealth Disc Brake Set,hamulce,259.99
Maven Base Stealth Scheibenbremsenset + Centerline 180/200mm,hamulce,454.99
Maven Base Stealth disc brake,hamulce,139.99
Maven Silver B1 Disc brake,hamulce,249.99
Maven Ultimate B1 Disc brake,hamulce,299.99
Maven Ultimate Stealth Disc Brake,hamulce,218.99
Maven Ultimate Stealth Disc Brake Set,hamulce,419.99
Maven Ultimate Stealth Disc Brake Set + HS2 180/200mm,hamulce,499.99
Maven Ultimate Stealth Disc Brake Set + HS2 200/220mm,hamulce,519.99
SAINT BR-M820-B Disc Brake 1000mm front,hamulce,157.99
SAINT BR-M820-B Disc Brake 1700mm rear,hamulce,164.99
SAINT BR-M820-B Disc Brake Set,hamulce,319.99
SLX BL-M7100+BR-M7120 Rear Disc Brake J-Kit,hamulce,69.99
SLX BR-M7100 Disc Brake 1000mm front,hamulce,79.99
SLX BR-M7100 Disc Brake 1700mm rear,hamulce,83.99
SLX BR-M7100 Disc Brake Set,hamulce,159.99
SLX BR-M7100 Disc Brake rear,hamulce,54.99
SLX BR-M7100 Disc Brake rear J-Kit,hamulce,54.99
SLX BR-M7100/7110 PM/FM Disc Brake Set,hamulce,159.0
SLX BR-M7110 FM Disc Brake 1700mm rear,hamulce,99.99
SLX BR-M7120 Disc Brake 1000mm front,hamulce,109.99
SLX BR-M7120 Disc Brake 1700mm rear,hamulce,109.99
SLX BR-M7120 Disc Brake Set,hamulce,199.99
SLX BR-M7120/7100 Disc Brake Set,hamulce,189.99
SLX BR-M7120/7110 PM/FM Disc Brake Set,hamulce,189.0
XT BL-M8100+BR-M8110 Rear Disc Brake J-Kit | Flat-Mount (15mm),hamulce,49.99
XT BL-M8200/BR-M8200 Disc Brake 1000mm front,hamulce,132.99
XT BL-M8200/BR-M8200 Disc Brake 1700mm rear,hamulce,149.99
XT BL-M8200/BR-M8200 Disc Brake Set,hamulce,279.99
XT BL-M8200/BR-M8200 Disc Brake Upgrade Kit,hamulce,294.99
XT BL-M8200/BR-M8220 Disc Brake 1000mm front,hamulce,169.99
XT BL-M8200/BR-M8220 Disc Brake 1700mm rear,hamulce,174.99
XT BL-M8200/BR-M8220 Disc Brake Set,hamulce,339.99
XT BL-M8200/BR-M8220 Disc Brake Upgrade Kit,hamulce,349.99
XT BR-M8100 Disc Brake 1000mm front,hamulce,94.99
XT BR-M8100 Disc Brake 1700mm rear,hamulce,99.99
XT BR-M8100 Disc Brake Set,hamulce,179.99
XT BR-M8100/8110 PM/FM Disc Brake Set,hamulce,189.99
XT BR-M8110 FM Disc Brake 1700mm rear,hamulce,109.99
XT BR-M8120 Disc Brake 1000mm front,hamulce,114.99
XT BR-M8120 Disc Brake 1700mm rear,hamulce,114.99
XT BR-M8120 Disc Brake Set,hamulce,216.99
XT BR-M8120/8100 Disc Brake Set,hamulce,209.99
XT BR-M8120/8110 PM/FM Disc Brake Set,hamulce,209.99
XTR BL-M9120/BR-M9120 Disc Brake rear J-Kit,hamulce,149.99
XTR BL-M9200/BR-M9200 Disc Brake 1000mm front,hamulce,199.99
XTR BL-M9200/BR-M9200 Disc Brake 1700mm rear,hamulce,199.99
XTR BL-M9200/BR-M9200 Disc Brake Set,hamulce,389.99
XTR BL-M9200/BR-M9200 Disc Brake Upgrade Kit,hamulce,399.99
XTR BL-M9200/BR-MT805 FM Disc Brake 1700mm rear,hamulce,149.99
XTR BL-M9220/BR-M9200 Disc Brake 1700mm rear without Ice-Tech,hamulce,189.99
XTR BL-M9220/BR-M9220 Disc Brake 1000mm front,hamulce,229.99
XTR BL-M9220/BR-M9220 Disc Brake 1700mm rear,hamulce,234.99
XTR BL-M9220/BR-M9220 Disc Brake Set,hamulce,439.99
XTR BL-M9220/BR-M9220 Disc Brake Upgrade Kit,hamulce,448.99
XTR BL-M9220/BR-M9220/M9200 Disc Brake Set,hamulce,378.99
XTR BR-M9110 FM Disc Brake 1700mm rear,hamulce,169.99
XTR BR-M9120 Disc Brake 1000mm front,hamulce,168.99
12-speed Eagle Cassette XG-1299 10-50T,kasety,338.99
17-19 teeth Sprocket Unit for CS-M9200 9-45,kasety,89.99
9-teeth Sprocket with Lockring for CS-M9200/M8200 9-45,kasety,26.99
DEORE CN-HG54+CS-HG50 10-speed Wear and Tear Set 11-36,kasety,38.99
DEORE CS-M4100 10-speed Cassette,kasety,25.99
DEORE CS-M5100 11-speed Cassette,kasety,34.99
DEORE CS-M5100 11-speed cassette TOP-DEAL,kasety,32.99
DEORE CS-M6100 12-speed Cassette,kasety,65.99
DEORE CS-M6100 12-speed cassette 10-51 TOP-DEAL,kasety,54.99
Eagle Transmission XS-1270 12-speed Cassette 10-52,kasety,139.99
Eagle Transmission XS-1270 12-speed cassette 10-52,kasety,159.99
Eagle XS-1270 cassette spare sprocket 10-12-14-16-18,kasety,28.99
GX Eagle Transmission XS-1275 12-speed Cassette 10-52,kasety,194.99
GX Eagle XG-1275 12-speed Cassette 10-50T,kasety,134.99
GX Eagle XG-1275 Cassette 12-speed 10-52T,kasety,139.99
Lock Ring with Spacer for CS-M771-10,kasety,4.99
Lock Ring with Spacer for CS-M8000,kasety,4.99
Lock Ring with Spacer for CS-M8100/M7100,kasety,7.99
Lock Ring with Spacer for CS-M9100,kasety,9.99
NX Eagle PG-1230 12-speed Cassette 11-50,kasety,70.99
SLX CN-HG95+CS-HG81 10-speed Wear and Tear Set 11-34,kasety,46.99
SLX CN-M7100+CS-M7100 12-speed Wear and Tear Set 10-51,kasety,89.99
SLX CS-HG81 10-speed Cassette,kasety,29.99
SLX CS-M7000 11-speed Cassette,kasety,42.99
SLX CS-M7100 12-speed Cassette,kasety,68.99
Sprocket 11T with Spacer for CS-M771-10 BJ/BK,kasety,3.49
Sprocket 11T with Spacer for CS-M771-10 BL,kasety,3.49
Sprocket 12T for CS-M771-10 BL,kasety,3.5
Sprocket 13T for CS-M771-10 BJ/BK,kasety,2.99
Sprocket 14T for CS-M771-10 BL,kasety,3.99
Sprocket 15T for CS-M771-10 BJ/BK,kasety,3.5
Sprocket 16T for CS-M771-10 BL,kasety,2.99
Sprocket 17T for CS-M771-10 BJ/BK,kasety,2.99
Sprocket 17T for CS-M980,kasety,3.99
Sprocket Spacer 2.18 mm for CS-M8000/CS-9000/R9100,kasety,2.99
Sprocket Spacer for CS-M7100/M8100,kasety,1.49
Sprocket Spacer for M8100/CS-M7100,kasety,1.99
Sprocket Unit for CS-M771-10,kasety,19.99
Sprocket Unit for CS-M8000,kasety,21.99
Sprocket Wheel for CS-M8000/M7000,kasety,2.99
Sprocket Wheel for CS-M8100/M7100,kasety,2.49
Sprocket Wheel for CS-M9100/M8100/M7100,kasety,3.99
Sprocket for CS-M8200 10-51,kasety,13.99
Sprocket for CS-M8200 9-45,kasety,3.49
Sprocket for CS-M9000/9001,kasety,2.99
Sprocket for CS-M9200 10-51,kasety,17.99
Sprocket for CS-M9200/M8200 10-51,kasety,7.99
Sprocket for CS-M9200/M8200 9-45,kasety,7.99
X0 Eagle Transmission XS-1295 12-fach Kassette 10-52 TOP-DEAL,kasety,289.99
X0 Eagle Transmission XS-1295 12-speed cassette 10-52,kasety,326.99
XG-1190 Lockring,kasety,14.99
XG-1295 Eagle 12-speed Cassette 10-52T,kasety,289.99
XT 11-speed Wear and Tear Set CN-HG701+CS-M8000 11-40,kasety,84.99
XT 11-speed Wear and Tear Set CN-HG701+CS-M8000 11-42,kasety,92.99
XT 11-speed Wear and Tear Set CN-HG701+CS-M8000 11-46,kasety,104.99
XT CN-HG93+CS-M770 9-speed Wear and Tear Set 11-32,kasety,64.99
XT CN-HG93+CS-M770 9-speed Wear and Tear Set 11-34,kasety,64.99
XT CN-HG95+CS-M771 10-speed Wear and Tear Set 11-32,kasety,67.99
XT CN-HG95+CS-M771 10-speed Wear and Tear Set 11-34,kasety,72.99
XT CN-HG95+CS-M771 10-speed Wear and Tear Set 11-36,kasety,72.99
XT CS-M770 9-speed Cassette,kasety,52.99
XT CS-M771 10-speed Cassette,kasety,49.99
XT CS-M8000 11-speed Cassette,kasety,49.99
XT CS-M8100 12-speed Cassette,kasety,94.99
XT CS-M8200 12-speed Cassette,kasety,117.99
XTR CS-M9100 12-speed Cassette,kasety,209.99
XTR CS-M9101 12-speed Cassette,kasety,224.99
XTR CS-M9200 12-speed Cassette,kasety,319.99
XX Eagle Transmission XS-1297 12-speed Cassette 10-52,kasety,399.99
XX SL Eagle Transmission XS-1299 12-speed cassette 10-52,kasety,479.99
XX1 Eagle XG-1299 12-speed cassette 10-52,kasety,338.99
DEORE CN-HG53 9-speed chain TOP-DEAL,lancuchy,11.99
DEORE CN-HG54 10-speed Chain (20 Workshop Pack),lancuchy,189.99
DEORE CN-M6100 12-speed Chain with Quick-Link,lancuchy,14.99
DEORE CN-M6100+CS-M6100 12-speed Wear and Tear Set,lancuchy,87.99
Deore 10-speed Chain CN-HG54 116 Links,lancuchy,11.99
Eagle 70 Transmission Flattop 12-speed Chain,lancuchy,24.99
GX Eagle 12-speed Chain,lancuchy,19.99
GX Eagle Transmission Flattop 12-speed Chain,lancuchy,36.99
GX Eagle Transmission Flattop 12-speed chain 120 links TOP-DEAL,lancuchy,24.99
NX Eagle 12-speed Chain,lancuchy,17.99
PowerLock 12-speed  Eagle Chain Connector,lancuchy,2.99
PowerLock 12-speed Eagle Chain Lock (1 pair),lancuchy,2.99
PowerLock 12-speed Eagle T-Type Chain Lock,lancuchy,3.59
PowerLock 12-speed Eagle T-Type PVD Chain Lock,lancuchy,3.99
PowerLock 12-speed Eagle chain lock (1 pair) TOP-DEAL,lancuchy,2.99
SLX CN-M7100 12-speed Chain with Quick-Link,lancuchy,18.99
X0 Eagle Transmission Flattop 12-speed Chain,lancuchy,68.99
X01 Eagle 12-speed Chain Hollow Pin,lancuchy,39.99
XT CN-HG95 10-speed Chain,lancuchy,18.99
XT CN-M8100 12-speed Chain with Quick-Link,lancuchy,27.99
XTR / Dura-Ace Chain CN-HG901 11-speed 116 links,lancuchy,34.99
XTR CN-M9100 12-speed Chain with Quick-Link,lancuchy,43.99
XX Eagle Transmission Flattop 12-speed Chain,lancuchy,89.99
XX SL Eagle Transmission Flattop 12-speed Chain,lancuchy,119.99
XX1 Eagle 12-speed Chain Hollow Pin,lancuchy,55.99
XX1 Eagle 12-speed Chain Hollow Pin 114 Links,lancuchy,44.99
XX1 Eagle 12-speed Hollow Pin Chain,lancuchy,53.99
DEORE Di2 M6250-SGS 12-speed Drivetrain Upgrade Kit Clamp,manetki,439.99
DEORE Di2 M6250-SGS 12-speed Drivetrain Upgrade Kit I-Spec EV,manetki,439.99
DEORE Di2 M6250-SGS 12-speed Upgrade Kit 10-51 Clamp,manetki,559.0
DEORE Di2 M6250-SGS 12-speed Upgrade Kit 10-51 I-Spec EV,manetki,559.0
DEORE Di2 SW-M6250-IR I-Spec EV Shifter right,manetki,94.99
DEORE Di2 SW-M6250-R Shifter right,manetki,99.99
DEORE SL-M4100 10-speed Shift Lever right with Optical Gear Display,manetki,7.99
DEORE SL-M4100 10-speed Shift Lever right without Optical Gear Display,manetki,19.99
DEORE SL-M4100 I-Spec EV 10-speed Shift Lever right,manetki,15.99
DEORE SL-M5100 11-speed Shift Lever right,manetki,7.99
DEORE SL-M5100 2-speed Shift Lever left,manetki,14.99
DEORE SL-M5100 2x11-speed Shift Lever Set,manetki,32.99
DEORE SL-M5100 I-Spec EV 11-speed Shift Lever right,manetki,9.99
DEORE SL-M5100 I-Spec EV 2-speed Shift Lever left,manetki,16.99
DEORE SL-M5100 I-Spec EV 2x11-speed Shift Lever Set,manetki,34.99
DEORE SL-M5100+SL-M4100 2x10-speed Shift Lever Set,manetki,34.99
DEORE SL-M5100+SL-M4100 I-Spec EV 2x10-speed Shift Lever Set,manetki,29.99
DEORE SL-M6000 10-speed shift lever right with gear indicator TOP-DEAL,manetki,7.99
DEORE SL-M6000 2/3-speed Shift Lever left with Optical Gear Display,manetki,10.99
DEORE SL-M6000 I-Spec II 10-speed Shift Lever right,manetki,10.99
DEORE SL-M6100 12-speed Shift Lever right,manetki,6.99
DEORE SL-M6100 12-speed Shift Lever right without Optical Gear Display 2000mm,manetki,5.99
DEORE SL-M6100 12-speed shift lever right without gear indicator TOP-DEAL,manetki,4.99
DEORE SL-M6100 I-Spec EV 12-speed Shift Lever right,manetki,19.99
DEORE SL-M6100 I-Spec EV 12-speed shift lever right without gear indicator TOP-DEAL,manetki,9.99
DEORE SL-M6100 I-Spec EV 12-speed shifter right with OGD 2000mm TOP-DEAL,manetki,5.49
Eagle 70 Transmission 12-speed Shifter,manetki,23.99
Eagle 70 Transmission E-MTB Single Click 12-speed Shifter,manetki,23.99
Eagle 90 Transmission 12-speed Shifter,manetki,39.99
Eagle 90 Transmission E-MTB Single Click 12-speed Shifter,manetki,39.99
GX Eagle 12-speed Grip Shift ,manetki,31.99
GX Eagle 12-speed Trigger Shifter,manetki,26.99
Integration Nut for SL-M9100-I,manetki,5.99
NX Eagle 12-speed Shift Lever,manetki,29.99
NX Eagle 12-speed Shifter,manetki,15.99
SAINT SL-M820 10-speed Shifter right,manetki,51.99
SAINT SL-M820 I-Spec B 10-speed Shifter right,manetki,54.99
SLX SL-M7000 I-Spec B 11-speed Shift Lever right,manetki,27.99
SLX SL-M7000 I-Spec B 2/3-speed Shift Lever left,manetki,24.99
SLX SL-M7000 I-Spec B 2/3x11-speed Shift Lever Set,manetki,54.99
SLX SL-M7000 I-Spec II 11-speed Shift Lever right,manetki,24.99
SLX SL-M7000 I-Spec II 2/3-speed Shift Lever left,manetki,26.99
SLX SL-M7000 I-Spec II 2/3x11-speed Shift Lever Set,manetki,54.99
SLX SL-M7100 12-speed Shift Lever right,manetki,26.99
SLX SL-M7100 12-speed shift lever right TOP-DEAL,manetki,11.99
SLX SL-M7100 I-Spec EV 12-speed Shift Lever right,manetki,24.99
SLX SL-M7100 I-Spec EV 2-speed Shift Lever left,manetki,8.99
SLX SL-M7100 I-Spec EV 2x12-speed Shift Lever Set,manetki,19.99
Shift Lever Trigger Barrel Adjuster Kit Eagle 70/90,manetki,6.99
Shift Lever Trigger Cover Kit Eagle 70,manetki,7.99
Shift Lever Trigger Cover Kit Eagle 90,manetki,7.99
X01 Eagle 12-speed Trigger Shifter,manetki,49.99
X01 Eagle Shift Lever,manetki,17.99
X01 Eagle Shift Lever Cover,manetki,17.99
XT Di2 M8250-GS 12-speed Enduro/ Trail Group 9-45 Clamp,manetki,1049.0
XT Di2 M8250-GS 12-speed Enduro/Trail Group 9-45 I-Spec EV,manetki,1049.0
XT Di2 M8250-GS 12-speed Upgrade Kit 9-45 Clamp,manetki,689.99
XT Di2 M8250-GS 12-speed Upgrade Kit 9-45 I-Spec EV,manetki,689.99
XT Di2 M8250-GS 12-speed XC Race Group 9-45 Clamp,manetki,999.0
XT Di2 M8250-GS 12-speed XC Race Group 9-45 I-Spec EV,manetki,999.0
XT Di2 M8250-SGS 12-speed Drivetrain Upgrade Kit Clamp,manetki,539.99
XT Di2 M8250-SGS 12-speed Drivetrain Upgrade Kit I-Spec EV,manetki,544.99
XT Di2 M8250-SGS 12-speed Enduro/Trail Group 10-51 Clamp,manetki,1049.0
XT Di2 M8250-SGS 12-speed Enduro/Trail Group 10-51 I-Spec EV,manetki,1049.0
XT Di2 M8250-SGS 12-speed Upgrade Kit 10-51 Clamp,manetki,689.99
XT Di2 M8250-SGS 12-speed Upgrade Kit 10-51 I-Spec EV,manetki,689.99
XT Di2 M8250-SGS 12-speed XC Race Group 10-51 Clamp,manetki,999.0
XT Di2 M8250-SGS 12-speed XC Race Group 10-51 I-Spec EV,manetki,999.0
XT Di2 SW-M8050-L Firebolt Shifter left,manetki,29.99
XT Di2 SW-M8050-R Firebolt Shifter right,manetki,89.99
XT Di2 SW-M8250-IR I-Spec EV Shifter right,manetki,129.99
XT Di2 SW-M8250-R Shifter right,manetki,129.99
XT SL-M8000 11-speed Shift Lever right,manetki,37.99
XT SL-M8000 I-Spec II 11-speed Shift Lever right,manetki,34.99
XT SL-M8000 I-Spec II 2/3-speed Shift Lever left,manetki,46.99
XT SL-M8000 I-Spec II 2/3x11-speed Shift Lever Set,manetki,76.99
XT SL-M8100 12-speed Shift Lever right,manetki,44.99
XT SL-M8100 2-speed Shift Lever left,manetki,46.99
XT SL-M8100 2x12-speed Shift Lever Set,manetki,84.99
XT SL-M8100 I-Spec EV 12-speed Shift Lever right,manetki,44.99
XT SL-M8100 I-Spec EV 12-speed shift lever right TOP-DEAL,manetki,24.99
XTR Clamp Bolt M5 x 13.5 for shift lever clamp,manetki,0.99
XTR Di2 M9250-GS 12-speed Drivetrain Upgrade Kit Clamp,manetki,664.99
XTR Di2 M9250-GS 12-speed Drivetrain Upgrade Kit I-Spec EV,manetki,664.99
XTR Di2 M9250-GS 12-speed Enduro/Trail Group 9-45 I-Spec EV,manetki,1549.0
XTR Di2 M9250-GS 12-speed Upgrade Kit 9-45 Clamp,manetki,1069.0
XTR Di2 M9250-GS 12-speed Upgrade Kit 9-45 I-Spec EV,manetki,1069.0
XTR Di2 M9250-GS 12-speed XC Race Group 9-45 Clamp,manetki,1449.0
XTR Di2 M9250-GS 12-speed XC Race Group 9-45 I-Spec EV,manetki,1449.0
XTR Di2 M9250-SGS 12-speed Drivetrain Upgrade Kit Clamp,manetki,699.99
XTR Di2 M9250-SGS 12-speed Drivetrain Upgrade Kit I-Spec EV,manetki,724.99
XTR Di2 M9250-SGS 12-speed Enduro/Trail Group 10-51 Clamp,manetki,1549.0
XTR Di2 M9250-SGS 12-speed Enduro/Trail Group 10-51 I-Spec EV,manetki,1549.0
XTR Di2 M9250-SGS 12-speed Upgrade Kit 10-51 Clamp,manetki,1069.0
XTR Di2 M9250-SGS 12-speed Upgrade Kit 10-51 I-Spec EV,manetki,1069.0
XTR Di2 M9250-SGS 12-speed XC Race Group 10-51 Clamp,manetki,1449.0
XTR Di2 M9250-SGS 12-speed XC Race Group 10-51 I-Spec EV,manetki,1449.0
XTR Di2 SW-M9250-IR I-Spec EV Shifter right,manetki,159.99
XTR Di2 SW-M9250-R Shifter right,manetki,159.99
XTR SL-M9100 12-speed Shift Lever right,manetki,96.99
XTR SL-M9100 I-Spec EV 12-speed Shift Lever right,manetki,99.99
XX1 Eagle 12-speed Trigger Shifter,manetki,99.99
105/SLX/DEORE Pully Set,przerzutki,6.99
Axle Unit for RD-M7100/7120 Rear Derailleur Bracket,przerzutki,6.49
Axle Unit for RD-M8100/8120 Rear Derailleur Bracket,przerzutki,8.99
Axle Unit for RD-M9100 Rear Derailleur Bracket,przerzutki,17.99
Bumper for RD-M8100/8130 Rear Derailleur,przerzutki,1.49
Bumper for RD-M9100 Rear Derailleur,przerzutki,1.49
Chain Guide Plate Inner SS for SAINT/ZEE,przerzutki,5.99
Chain Guide Plate for RD-M8120/M7120 SGS,przerzutki,4.99
DEORE Di2 RD-M6250 12-speed Rear Derailleur,przerzutki,279.99
DEORE RD-M4120 10/11-speed Rear Derailleur,przerzutki,21.99
DEORE RD-M5100 11-speed Rear Derailleur,przerzutki,31.99
DEORE RD-M5100 Pully Set,przerzutki,3.99
DEORE RD-M5120 10/11-speed Rear Derailleur,przerzutki,34.99
DEORE RD-M5120/4120 Pully Set,przerzutki,3.99
DEORE RD-M6000 10-speed Rear Derailleur GS,przerzutki,26.99
DEORE RD-M6000 Pully Set,przerzutki,3.99
DEORE RD-M6100 12-speed Rear Derailleur,przerzutki,36.99
DEORE RD-M6100 12-speed rear derailleur TOP-DEAL,przerzutki,26.99
DEORE RD-T6000 Select Pully Set,przerzutki,3.99
Eagle 70 Rear Derailleur Cover/Skid Kit,przerzutki,24.99
Eagle 70 Transmission 12-speed Rear Derailleur,przerzutki,96.99
Eagle 70/90 Bushing Kit,przerzutki,5.99
Eagle 70/90 Transmission Pulley Wheel Set,przerzutki,14.99
Eagle 90 B-Gelenk Kit,przerzutki,44.99
Eagle 90 P-joint Kit for T-Type Rear Derailleur,przerzutki,22.99
Eagle 90 Rear Derailleur Cage Kit,przerzutki,69.99
Eagle 90 Rear Derailleur Cover and Outer Inner Link Kit,przerzutki,39.99
Eagle 90 Transmission 12-speed Rear Derailleur,przerzutki,159.99
Eagle 90 Transmission Inner Cage,przerzutki,19.99
GX Eagle 12-speed Rear Derailleur,przerzutki,89.99
GX Eagle 12-speed rear derailleur Lunar TOP-DEAL,przerzutki,79.99
GX Eagle AXS 12-speed Rear Derailleur,przerzutki,283.99
GX Eagle AXS Pulley Set,przerzutki,22.99
GX Eagle AXS Rear Derailleur Clutch Cover Kit,przerzutki,13.99
GX Eagle AXS Rear Derailleur Mounting Kit,przerzutki,16.99
GX Eagle AXS Transmission 12-speed rear derailleur,przerzutki,324.99
GX Eagle Inner Cage,przerzutki,20.99
GX Eagle Pulley-Set,przerzutki,19.99
GX Eagle Pulley-Set and inner Cage,przerzutki,24.99
GX Eagle Rear Derailleur Mounting Kit,przerzutki,7.99
GX Eagle Rear Derailleur Mounting Kit ,przerzutki,7.29
NX Eagle 12-Speed Rear Derailleur,przerzutki,54.99
NX Eagle 12-speed Rear Derailleur,przerzutki,76.99
NX Eagle Pulley-Set,przerzutki,13.99
Plate for RD-M7100 SGS,przerzutki,7.99
Plate for RD-M8100 SGS,przerzutki,5.99
SAINT RD-M820 10-speed Rear Derailleur SS,przerzutki,129.99
SAINT RD-M820 derailleur Pulley Set,przerzutki,11.99
SLX RD-M7100 12-speed Rear Derailleur,przerzutki,56.99
SLX RD-M7100 12-speed rear derailleur TOP-DEAL,przerzutki,37.99
SLX RD-M7120 12-speed Rear Derailleur,przerzutki,39.99
SLX/DEORE RD-M7100/M6100 Pully Set,przerzutki,6.99
SLX/METREA RD-M7000-11/U5000 Pully Set,przerzutki,5.99
SX/NX Eagle/GX Eagle AXS Inner Cage,przerzutki,16.99
Spring for XT/XTR Rear Derailleur,przerzutki,1.99
Stabilizer Unit for XTR/XT/SLX/DEORE/GRX Rear Derailleurs,przerzutki,6.99
ULTEGRA/ XT/ SAINT Pully Set,przerzutki,5.99
X01 Eagle 12-speed Pulleys and inner Cage,przerzutki,52.99
X01 Eagle 12-speed Rear Derailleur,przerzutki,179.99
X01 Eagle AXS 12-speed Rear Derailleur,przerzutki,389.99
X01 Eagle AXS Inner Cage,przerzutki,20.99
X01 Eagle AXS Rear Derailleur Cover ,przerzutki,13.99
X01 Eagle AXS Rear Derailleur Mounting Bolt,przerzutki,16.99
X01 Eagle Cable Anchor Bolt,przerzutki,4.79
X01 Eagle Inner Cage,przerzutki,20.99
X01 Eagle Rear Derailleur Mounting Bolt,przerzutki,18.99
X01/XX1 Eagle Rear Derailleur Mounting Kit,przerzutki,18.99
XT Di2 RD-M8250 12-speed Rear Derailleur,przerzutki,324.99
XT RD-M780/781/786 Pully Set,przerzutki,5.49
XT RD-M8000 Pully Set,przerzutki,7.49
XT RD-M8100 12-speed Rear Derailleur,przerzutki,82.99
XT RD-M8100 12-speed rear derailleur SGS TOP-DEAL,przerzutki,59.99
XT RD-M8100/8120 Pully Set,przerzutki,8.99
XT RD-M8120 12-speed Rear Derailleur,przerzutki,39.99
XT RD-M8150/M8130 Advanced Pulley Set,przerzutki,8.99
XT/DEORE RD-M8260/M6260 Advanced Pulley Set,przerzutki,14.99
XT/ULTEGRA/SAINT Pully Set,przerzutki,7.99
XTR Di2 RD-M9250 12-speed Rear Derailleur,przerzutki,449.99
XTR RD-M9000/9050 Pully Set,przerzutki,19.99
XTR RD-M9100 12-speed Rear Derailleur,przerzutki,179.99
XTR RD-M9100/9120 Pully Set,przerzutki,19.99
XX1 Eagle 12-speed Rear Derailleur,przerzutki,219.99
XX1 Eagle AXS Inner cage,przerzutki,20.99
XX1 Eagle AXS Rear Derailleur 12-speed,przerzutki,559.99
XX1 Eagle AXS Rear Derailleur Cover,przerzutki,13.99
XX1 Eagle AXS Rear Derailleur Mounting Bolt,przerzutki,20.99
XX1 Eagle Inner Cage,przerzutki,18.99
XX1 Eagle Rear Derailleur Mounting Bolt,przerzutki,17.99
XX1/X01 Eagle 12-speed Pulley-Set ,przerzutki,54.99
XX1/X01 Eagle Cagelock,przerzutki,4.99
 ZEB A1+ Debon Air+ Upgrade Kit Butter Cup,widelce,64.99
10mm Sealhead Service Tool,widelce,38.99
32 & 34 FIT4 Cartridge Rebuild,widelce,31.99
32 Float Crush Washer from 2002,widelce,1.79
32 Float Rhythm Volume Spacer from 2018,widelce,3.99
32/34 Float NA2 Air Cap,widelce,6.99
"336 Float Performance E-Optimized 29"" 150mm 3PosGrip Tapered Boost",widelce,339.99
"34 A FLOAT 29"" AWL 140mm RAIL Sweep-Adj Boost",widelce,169.99
34 Float NA2 Topcap Assy with Air Cap,widelce,52.99
34 Float Volume Spacer Green,widelce,3.49
"35 Gold RL 29"" DebonAir 160 Tapered Boost",widelce,129.99
"35 Silver TK 27.5"" Solo Air 120 (special size 1.8"" tapered) Boost",widelce,29.99
36 Float NA2 Topcap Assy with Air Cap,widelce,51.99
"36 Float Performance E-Optimized 29"" 140mm 3PosGrip Tapered Boost",widelce,229.99
36/38 Grip Damper Shaft Assy,widelce,64.99
"38 A Float 29"" Performance 180 3Pos Grip E-Bike+ Tapered Boost",widelce,319.99
38 K FLOAT 29 Factory 170 Grip X2 58HT Boost,widelce,1249.99
38 K FLOAT 29 Factory Grip X2 58HT Boost,widelce,1229.99
40 Bumper Steering Stop,widelce,2.99
40 Float NA2 Topcap Assy with Air Cap,widelce,59.99
8 mm Shaft Bullet Service Tool,widelce,36.99
Air Pump for Boxxer,widelce,29.99
Air Shaft Assembly 36 Float 2021,widelce,89.99
Air Shaft Assembly 38 Float from 2021,widelce,154.99
"Air Shaft SID 29"" Debon Air C1 35mm  ",widelce,29.99
Air Top Cap - 35mm for LYRIK / YARI / PIKE / REVELATION / BOXXER 3,widelce,12.99
BoXXer Bumper Stop Kit,widelce,13.99
Bottomless Token Spacer 32mm,widelce,7.99
Bottomless Token Spacer Pike / Boxxer / Lyrik B1 / Yari,widelce,8.99
Bottomless token / Aluminum Standpipe for Solo Air,widelce,16.99
Boxxer D1+ Debon Air+ Upgrade Kit Butter Cup,widelce,64.99
Compression Damper Replacement Housing ,widelce,7.99
Crush Washer 8mm (50 pieces),widelce,7.99
Crush Washer Retainer 8mm (50 pieces),widelce,8.99
Custom Fork and Shox Kit 2021 Sticker Set,widelce,34.99
Debon Air+ Air Shaft Lyrik D1+,widelce,32.99
DebonAir Shaft SID SL C1,widelce,9.99
Digital Shox Pump,widelce,87.99
Domain C1 Isolator RC Upgrade Kit,widelce,44.99
Domain RC Motion Control Upgrade Kit,widelce,35.99
Dust Seal Press 32mm,widelce,10.99
Dust Seal Press 35mm,widelce,11.99
Dust Wiper 34mm Low Friction / No Flange,widelce,34.99
Dust Wiper Kit 32mm Low Friction / No Flange,widelce,32.99
Dust Wiper Kit 36mm Low Friction,widelce,44.99
Dust Wiper Kit 38mm,widelce,47.99
Einstellkappe Druckstufe RL SID/Reba/Revelation,widelce,9.99
Flight Attendant Suspension Gear for Blur TR/Wilder TR 2022+,widelce,1749.99
Flight Attendant Suspension for F-Podium 2023+,widelce,1749.99
Flight Attendant Suspension for Mach 4 SL 2023+,widelce,1749.99
Flight Attendant Suspension for Oiz TR 120mm 2020+,widelce,1849.99
Float GripX2 Cartridge,widelce,499.99
Float NA 2 Sealhead Service Tool,widelce,27.99
Float X2 Shaft Bullet Service Tool,widelce,44.99
Fork / Damper Pump 600 PSI,widelce,31.99
Fork Compression Knob Kit for Lyrik/Pike,widelce,11.99
Fork Compression Knob-Kit,widelce,4.99
Fork ServiceKit 200 hours / 1 year,widelce,27.99
Fork Topcap Socket Drive V2 Tool,widelce,29.99
"Forkcap HSC for Fox 34, 36, 38, 40",widelce,27.99
Fox Crush Washer Kit 13mm,widelce,1.49
"Judy Gold RL 27,5"" Solo Air 120 QR Tapered",widelce,259.99
"Judy Gold RL 29"" Solo Air 100 QR",widelce,269.99
"Judy Gold RL 29"" Solo Air 120 QR Tapered",widelce,269.99
"Judy Gold RL 29"" Solo Air Tapered 100 QR",widelce,249.99
"Judy Silver TK 29"" Solo Air 100 QR",widelce,152.99
"Judy Silver TK 29"" Solo Air 120 Tapered Boost",widelce,99.99
Kit Dust Wiper SKF 40 mm,widelce,42.99
Leg Seal Driver Tool for Dust Seals,widelce,22.99
Lower Leg Bushings Kit,widelce,45.99
Lower Leg Bushings Kit 34/34 SC,widelce,64.99
Lower Leg Plug Upgrade Kit,widelce,26.99
Lyric/Pike/Yari/Revelation DebonAir C1 35mm Seal Head,widelce,15.99
Lyrik Ultimate Decal Kit,widelce,9.99
"Lyrik Ultimate Flight Attendant 29"" Tapered Boost",widelce,869.99
Modi low friction Scraper Set 32mm (FOX - RockShox - X Fusion),widelce,26.99
Modi low friction Scraper Set 36mm (FOX - X Fusion),widelce,28.99
Modi low friction Scraper Set 40mm (FOX 40),widelce,29.89
O-Ring Pick Tool,widelce,14.99
OneLoc Lever left,widelce,49.99
OneLoc Lever right,widelce,51.99
PIKE B1+/Revelation A1+ Debon Air Upgrade Kit (2018+),widelce,24.99
Pike C1+ Debon Air+ Upgrade Kit V2 Butter Cup,widelce,74.99
"Pike DJ 26"" Solo Air 100 Tapered",widelce,689.99
Pike DebonAir C1 Upgrade Kit (A1-A2/2014-2017),widelce,12.99
Pike Ultimate Decal Kit,widelce,9.99
"Pike Ultimate Flight Attendant 140 29"" Tapered Boost",widelce,339.99
Pike/Lyrik/Yari Dual Position Air Bottomless Tokens,widelce,7.49
"Podium Factory Grip X2 58HT 29"" Upside-down fork",widelce,2179.99
"Podium Factory Grip X2 68HT 29"" Upside-down fork",widelce,2199.99
Poploc Lever left,widelce,28.99
Poploc Lever right,widelce,26.99
Pressure Release Button,widelce,31.99
Pressure Release Button Service Set,widelce,34.99
"Psylo Gold Isolator RC 29"" DebonAir 140 Tapered Boost",widelce,169.99
"Reba Gold Isolator RL 29"" DebonAir 3P Tapered Boost",widelce,374.99
"Reba RL 26"" Solo Air Tapered",widelce,339.99
"Reba RL 27,5"" Solo Air 100 Tapered Boost",widelce,139.99
"Recon Silver RL 27.5"" Solo Air 100 Tapered Boost",widelce,89.99
"Recon Silver RL 29"" Solo Air 100 QR",widelce,199.99
"Recon Silver RL 29"" Solo Air 140 Tapered Boost",widelce,89.99
"Recon Silver RL 29"" Solo Air QR Tapered",widelce,212.99
Revelation RC A1 (2018+) Compression Damper,widelce,44.99
Reverb C1/AXS Vent Valve Tool,widelce,6.99
SID 35 Select/Select+ 100-120 Upper Tubes,widelce,99.99
SID SL 32 C1+ DebonAir Seal Head,widelce,3.99
"SID Ultimate Flight Attendant 120mm 29"" Boost",widelce,994.99
"SID Ultimate Race Day 3P 120 29"" Tapered Boost",widelce,769.99
SID/Reba/Revelation Dust Wiper 32mm (20 pieces),widelce,59.99
Scraper set Fox,widelce,25.99
Service Seals 32mm/34mm,widelce,34.99
ServiceKit Basic Pike DJ,widelce,27.99
ServiceKit Basic Yari A1,widelce,22.99
Shock Pump,widelce,36.99
Shox pump,widelce,39.99
Spacer Kit for Solo Air Forks XC30/32 30 Gold/Silver / Paragon / Recon ,widelce,8.99
Star Nut,widelce,2.89
Suspension Fluid 1.5WT 16oz.,widelce,37.99
Suspension Fluid 15 WT 120ml,widelce,3.99
Suspension Fluid 5 WT 1 Litre,widelce,14.99
Suspension Fluid 5 WT 120ml,widelce,3.99
Topcap Interface 32 Grip Performance (2017+),widelce,32.99
TwistLoc Ultimate Grip,widelce,9.99
Volume Spacer Float,widelce,2.99
ZEB Debon Air C1 Upgrade Kit,widelce,25.99
ZEB DebonAir C1 Seal Head Upgrade-Kit,widelce,24.99
ZEB DebonAir C1 Sealhead + Foot Nut,widelce,13.99
ZEB/Vivid Air Suspension for Deft 750 2022+,widelce,1339.99
Zeb / Vivid Air Suspension for Jab MX 2024+,widelce,1339.99
