name,category,price_pln
Hamulce tarczowe SRAM DB8,hamulce,349.99
Hamulec tarczowy SHIMANO Deore BL-M4100 / BR-MT410,hamulce,262.99
Hamulec tarczowy SHIMANO Deore BL-M4100 / BR-MT420,hamulce,209.99
Hamulec tarczowy SHIMANO Deore BL-M6100 / BR-M6100,hamulce,249.99
Hamulec tarczowy SHIMANO Deore BL-M6100 / BR-M6100 + Hamulec tarczowy SHIMANO Deore BL-M6100 / BR-M6100,hamulce,494.93
Hamulec tarczowy SHIMANO Deore BL-M6100 / BR-M6120,hamulce,374.99
Hamulec tarczowy SHIMANO Deore BL-MT501 / BR-MT500,hamulce,209.99
Hamulec tarczowy SHIMANO Deore XT BL-M8100 / BR-M8100,hamulce,329.99
Hamulec tarczowy SHIMANO Deore XT BL-M8100 / BR-M8100 + Hamulec tarczowy SHIMANO Deore XT BL-M8100 / BR-M8100,hamulce,702.98
Hamulec tarczowy SHIMANO Deore XT BL-M8100 / BR-M8120,hamulce,499.99
Hamulec tarczowy SHIMANO Deore XT BL-M8200/BR-M8200,hamulce,564.99
Hamulec tarczowy SHIMANO Deore XT BL-M8200/BR-M8220,hamulce,639.99
Hamulec tarczowy SHIMANO SLX BL-M7100 / BR-M7100,hamulce,264.99
Hamulec tarczowy SHIMANO SLX BL-M7100 / BR-M7100 + Hamulec tarczowy SHIMANO SLX BL-M7100 / BR-M7100,hamulce,541.48
Hamulec tarczowy SHIMANO SLX BL-M7100 / BR-M7120,hamulce,369.99
Hamulec tarczowy SHIMANO SLX BL-M7100 / BR-M7120 + Hamulec tarczowy SHIMANO SLX BL-M7100 / BR-M7120,hamulce,840.73
Hamulec tarczowy SHIMANO Saint BL-M820 / BR-M820,hamulce,615.99
Hamulec tarczowy SHIMANO XTR BL-M9100 / BR-M9100,hamulce,669.99
Hamulec tarczowy SHIMANO XTR BL-M9100 / BR-M9100 + Hamulec tarczowy SHIMANO XTR BL-M9100 / BR-M9100,hamulce,1344.23
Hamulec tarczowy SHIMANO XTR BL-M9120 / BR-M9120,hamulce,829.99
Hamulec tarczowy SHIMANO XTR BL-M9200 / BR-M9200,hamulce,749.99
Hamulec tarczowy SHIMANO XTR BL-M9220 / BR-M9220,hamulce,869.99
Hamulec tarczowy SRAM DB8,hamulce,189.99
Hamulec tarczowy SRAM Guide R,hamulce,349.99
Hamulec tarczowy SRAM Guide RS,hamulce,449.99
Hamulec tarczowy SRAM Guide T,hamulce,299.99
Hamulec tarczowy SRAM Maven Base,hamulce,599.99
Hamulec tarczowy SRAM Maven Silver,hamulce,849.99
Hamulec tarczowy SRAM Maven Ultimate,hamulce,939.99
Tarcza hamulcowa SHIMANO Deore SM-RT64,hamulce,69.99
Tarcza hamulcowa SHIMANO Deore XT RT-MT800,hamulce,149.99
Tarcza hamulcowa SHIMANO Deore XT SM-RT81,hamulce,119.99
Tarcza hamulcowa SHIMANO Deore XT SM-RT86,hamulce,129.99
Tarcza hamulcowa SHIMANO Deore/SLX SM-RT66,hamulce,59.99
Tarcza hamulcowa SHIMANO Dura Ace / XTR RT-CL900,hamulce,214.99
Tarcza hamulcowa SHIMANO SLX SM-RT70,hamulce,69.99
Tarcza hamulcowa SHIMANO Ultegra / Deore XT RT-CL800,hamulce,184.99
Tarcza hamulcowa SHIMANO XTR RT-MT900,hamulce,199.99
Zacisk hamulca tarczowego SHIMANO Deore BR-M6100,hamulce,124.99
Zacisk hamulca tarczowego SHIMANO Deore BR-M6120,hamulce,256.99
Zacisk hamulca tarczowego SHIMANO Deore BR-MT410,hamulce,147.99
Zacisk hamulca tarczowego SHIMANO Deore BR-MT420,hamulce,162.99
Zacisk hamulca tarczowego SHIMANO Deore BR-MT500,hamulce,95.99
Zacisk hamulca tarczowego SHIMANO Deore BR-MT520,hamulce,204.99
Zacisk hamulca tarczowego SHIMANO Deore XT BR-M8100,hamulce,174.99
Zacisk hamulca tarczowego SHIMANO Deore XT BR-M8110,hamulce,249.99
Zacisk hamulca tarczowego SHIMANO Deore XT BR-M8120,hamulce,299.99
Zacisk hamulca tarczowego SHIMANO Deore XT BR-M8200,hamulce,239.99
Zacisk hamulca tarczowego SHIMANO Deore XT BR-M8220,hamulce,319.99
Zacisk hamulca tarczowego SHIMANO SLX BR-M7100,hamulce,114.99
Zacisk hamulca tarczowego SHIMANO SLX BR-M7120,hamulce,269.99
Zacisk hamulca tarczowego SHIMANO Saint BR-M820,hamulce,414.99
Zacisk hamulca tarczowego SHIMANO XTR BR-M9120,hamulce,599.99
Zacisk hamulca tarczowego SHIMANO XTR BR-M9220,hamulce,529.99
Zacisk hamulca tarczowego SRAM DB8 A1,hamulce,219.99
Kaseta SHIMANO 105 CS-R7000 + Łańcuch SHIMANO 105 / SLX CN-HG601,kasety,238.43
Kaseta SHIMANO Deore CS-HG50,kasety,115.99
Kaseta SHIMANO Deore CS-M4100,kasety,149.99
Kaseta SHIMANO Deore CS-M5100,kasety,173.99
Kaseta SHIMANO Deore CS-M6100,kasety,249.99
Kaseta SHIMANO Deore XT CS-M770,kasety,194.99
Kaseta SHIMANO Deore XT CS-M770 + Łańcuch SHIMANO Deore XT CN-HG93,kasety,260.28
Kaseta SHIMANO Deore XT CS-M771,kasety,204.99
Kaseta SHIMANO Deore XT CS-M8000,kasety,259.99
Kaseta SHIMANO Deore XT CS-M8100,kasety,399.99
Kaseta SHIMANO Deore XT CS-M8200,kasety,497.99
Kaseta SHIMANO SLX CS-HG81,kasety,139.99
Kaseta SHIMANO SLX CS-M7000,kasety,209.99
Kaseta SHIMANO SLX CS-M7100,kasety,279.99
Kaseta SHIMANO Sora CS-HG50 + Łańcuch SHIMANO Deore XT CN-HG93,kasety,147.23
Kaseta SHIMANO Ultegra CS-R8000 + Łańcuch SHIMANO Ultegra / XT CN-HG701 E-bike,kasety,341.98
Kaseta SHIMANO XTR CS-M9101,kasety,1039.0
Kaseta SHIMANO XTR CS-M9200,kasety,1599.0
Kaseta SRAM Force AXS XPLR XG-1271,kasety,719.99
Kaseta SRAM Force XG-1270,kasety,549.99
Kaseta SRAM Force XG-1270 E1,kasety,699.99
Kaseta SRAM Force XPLR XG-1371 E1,kasety,949.99
Kaseta SRAM GX Eagle XG-1275,kasety,664.99
Kaseta SRAM GX Eagle XS-1275 T-Type,kasety,929.99
Kaseta SRAM GX XG-1150,kasety,389.99
Kaseta SRAM GX XG-1175,kasety,549.99
Kaseta SRAM GX XG-1175 + Łańcuch SRAM PC-X1,kasety,625.08
Kaseta SRAM NX Eagle PG-1230,kasety,334.99
Kaseta SRAM Red XG-1290,kasety,1149.0
Kaseta SRAM Red XG-1290 E1,kasety,1439.0
Kaseta SRAM Red XPLR XG-1391,kasety,2099.0
Kaseta SRAM Rival AXS XPLR XG-1251,kasety,519.99
Kaseta SRAM Rival XG-1250,kasety,399.99
Kaseta SRAM Rival XPLR XG-1351 E1,kasety,669.99
Kaseta SRAM X0 Eagle XS-1295 T-Type,kasety,1469.0
Kaseta SRAM X01 Eagle XG-1295,kasety,1299.0
Kaseta SRAM X01 Eagle XG-1295 + Łańcuch SRAM X01 Eagle,kasety,1468.69
Kaseta SRAM X01 XG-1195,kasety,1449.0
Kaseta SRAM XG-1290 D1,kasety,999.99
Kaseta SRAM XS-1270 Eagle,kasety,714.99
Kaseta SRAM XS-1275 Eagle,kasety,899.99
Kaseta SRAM XX Eagle XS-1297 T-Type,kasety,1999.0
Kaseta SRAM XX SL Eagle XS-1299 T-Type,kasety,2299.0
Kaseta SRAM XX1 Eagle XG-1299 ,kasety,1569.0
Kaseta SRAM XX1 Eagle XG-1299  + Łańcuch SRAM XX1 Eagle,kasety,1753.69
Łańcuch SHIMANO 105 / GRX / SLX CN-M7100,lancuchy,89.99
Łańcuch SHIMANO 105 / SLX CN-HG601,lancuchy,85.99
Łańcuch SHIMANO Deore CN-HG53,lancuchy,59.99
Łańcuch SHIMANO Deore CN-HG54,lancuchy,58.99
Łańcuch SHIMANO Deore CN-M6100,lancuchy,74.99
Łańcuch SHIMANO Deore XT CN-HG93,lancuchy,74.99
Łańcuch SHIMANO Dura Ace / XTR CN-HG901,lancuchy,139.99
Łańcuch SHIMANO Dura Ace / XTR CN-M9100,lancuchy,185.99
Łańcuch SHIMANO Ultegra / GRX / Deore XT CN-M8100,lancuchy,119.99
Łańcuch SHIMANO Ultegra / XT CN-HG701 E-bike,lancuchy,109.99
Łańcuch SHIMANO XT CN-HG95,lancuchy,92.99
Łańcuch SRAM Eagle 70 T-Type,lancuchy,96.99
Łańcuch SRAM GX Eagle,lancuchy,94.99
Łańcuch SRAM GX Eagle T-Type,lancuchy,164.99
Łańcuch SRAM NX Eagle,lancuchy,84.99
Łańcuch SRAM SX Eagle,lancuchy,84.99
Łańcuch SRAM X0 Eagle T-Type,lancuchy,319.99
Łańcuch SRAM X01 Eagle,lancuchy,196.99
Łańcuch SRAM XX Eagle T-Type,lancuchy,434.99
Łańcuch SRAM XX SL Eagle,lancuchy,579.99
Łańcuch SRAM XX1 Eagle,lancuchy,276.99
Manetka SHIMANO Deore Di2 SW-M6250,manetki,439.99
Manetka SHIMANO Deore Linkglide SL-M5130,manetki,84.99
Manetka SHIMANO Deore SL-M4100,manetki,99.99
Manetka SHIMANO Deore SL-M5100,manetki,81.99
Manetka SHIMANO Deore SL-M6000,manetki,94.99
Manetka SHIMANO Deore SL-M6100,manetki,94.99
Manetka SHIMANO Deore SL-T6000,manetki,74.99
Manetka SHIMANO Deore XT Linkglide SL-M8130,manetki,159.99
Manetka SHIMANO Deore XT SL-M8000,manetki,159.99
Manetka SHIMANO Deore XT SL-M8100,manetki,169.99
Manetka SHIMANO Deore XT SL-T8000,manetki,169.99
Manetka SHIMANO Deore XT SW-M8250 Di2,manetki,534.99
Manetka SHIMANO SLX SL-M7000,manetki,74.99
Manetka SHIMANO SLX SL-M7100,manetki,67.99
Manetka SHIMANO XTR SL-M9100,manetki,349.99
Manetka SRAM Eagle 70 T-Type,manetki,109.99
Manetka SRAM Eagle 90 T-Type MMX,manetki,174.99
Manetka SRAM GX Eagle Trigger,manetki,139.99
Manetka SRAM GX Eagle Trigger Single Click,manetki,147.99
Manetka SRAM NX Eagle Trigger,manetki,129.99
Manetka SRAM X01 Eagle Trigger,manetki,334.99
Manetka SRAM XX1 Eagle Trigger,manetki,699.99
Manetka obrotowa SRAM GX Eagle,manetki,152.99
Przerzutka tylna SHIMANO Deore Di2 RD-M6250-SGS,przerzutki,1189.0
Przerzutka tylna SHIMANO Deore Di2 RD-M6260-11L,przerzutki,1199.0
Przerzutka tylna SHIMANO Deore Di2 RD-M6260-12,przerzutki,1199.0
Przerzutka tylna SHIMANO Deore Linkglide RD-M5130,przerzutki,132.99
Przerzutka tylna SHIMANO Deore RD-M4120,przerzutki,94.99
Przerzutka tylna SHIMANO Deore RD-M5100,przerzutki,109.99
Przerzutka tylna SHIMANO Deore RD-M5120,przerzutki,124.99
Przerzutka tylna SHIMANO Deore RD-M6000,przerzutki,159.99
Przerzutka tylna SHIMANO Deore RD-M6100,przerzutki,139.99
Przerzutka tylna SHIMANO Deore RD-T6000,przerzutki,94.99
Przerzutka tylna SHIMANO Deore XT Di2 RD-M8150,przerzutki,1299.0
Przerzutka tylna SHIMANO Deore XT Linkglide RD-M8130-SGS,przerzutki,279.99
Przerzutka tylna SHIMANO Deore XT RD-M772,przerzutki,249.99
Przerzutka tylna SHIMANO Deore XT RD-M781 ,przerzutki,199.99
Przerzutka tylna SHIMANO Deore XT RD-M786 ,przerzutki,238.99
Przerzutka tylna SHIMANO Deore XT RD-M8000,przerzutki,214.99
Przerzutka tylna SHIMANO Deore XT RD-M8100,przerzutki,304.99
Przerzutka tylna SHIMANO Deore XT RD-M8120,przerzutki,349.99
Przerzutka tylna SHIMANO Deore XT RD-M8250 Di2,przerzutki,2049.0
Przerzutka tylna SHIMANO Deore XT RD-M8260-11L Di2,przerzutki,1599.0
Przerzutka tylna SHIMANO Deore XT RD-T8000,przerzutki,199.99
Przerzutka tylna SHIMANO SLX RD-M7000,przerzutki,199.99
Przerzutka tylna SHIMANO SLX RD-M7100,przerzutki,199.99
Przerzutka tylna SHIMANO Saint RD-M820,przerzutki,464.99
Przerzutka tylna SHIMANO XTR Di2 RD-M9250,przerzutki,1899.0
Przerzutka tylna SHIMANO XTR Di2 RD-M9260,przerzutki,1999.0
Przerzutka tylna SHIMANO XTR RD-M9100,przerzutki,619.99
Przerzutka tylna SRAM Eagle 70 Transmission,przerzutki,439.99
Przerzutka tylna SRAM Eagle 90 Transmission,przerzutki,649.99
Przerzutka tylna SRAM GX Eagle AXS,przerzutki,1299.0
Przerzutka tylna SRAM GX Eagle AXS Transmission T-Type,przerzutki,1589.0
Przerzutka tylna SRAM GX Eagle Type 3 ,przerzutki,389.99
Przerzutka tylna SRAM NX Eagle Type 3,przerzutki,299.99
Przerzutka tylna SRAM X01 Eagle,przerzutki,899.99
Przerzutka tylna SRAM X01 Eagle AXS,przerzutki,2199.0
Przerzutka tylna SRAM XX1 Eagle AXS,przerzutki,2599.0
Przerzutka tylna SRAM XX1 Eagle Type 3,przerzutki,1399.0
Amortyzator rowerowy FOX RACING SHOX 32 Factory Float SC,widelce,3999.0
Amortyzator rowerowy FOX RACING SHOX 32 Factory Float SC 2025,widelce,3499.0
Amortyzator rowerowy FOX RACING SHOX 32 Factory Float Taper-Cast 2025,widelce,3999.0
Amortyzator rowerowy FOX RACING SHOX 32 Float,widelce,981.99
Amortyzator rowerowy FOX RACING SHOX 32 Float SC,widelce,1499.0
Amortyzator rowerowy FOX RACING SHOX 32 Performance Float SC 2025,widelce,1699.0
Amortyzator rowerowy FOX RACING SHOX 32 Performance Float Taper-Cast 2025,widelce,2999.0
Amortyzator rowerowy FOX RACING SHOX 32 SL Factory Float SC 2026,widelce,4399.0
Amortyzator rowerowy FOX RACING SHOX 34 Factory Float SC,widelce,2499.0
Amortyzator rowerowy FOX RACING SHOX 34 Float SC Performance,widelce,1499.0
Amortyzator rowerowy FOX RACING SHOX 34 Rhythm Float,widelce,1099.0
Amortyzator rowerowy FOX RACING SHOX 34 SL Factory Float,widelce,5399.0
Amortyzator rowerowy FOX RACING SHOX 34 SL Factory Float SC 2026,widelce,4999.0
Amortyzator rowerowy FOX RACING SHOX 34 SL Performance Float,widelce,2999.0
Amortyzator rowerowy FOX RACING SHOX 36 Factory Float,widelce,2499.0
Amortyzator rowerowy FOX RACING SHOX 36 Factory Float 2026,widelce,5899.0
Amortyzator rowerowy FOX RACING SHOX 36 Factory Float FS 2025,widelce,3699.0
Amortyzator rowerowy FOX RACING SHOX 36 Float,widelce,1499.0
Amortyzator rowerowy FOX RACING SHOX 36 Float E-Optimized,widelce,1599.0
Amortyzator rowerowy FOX RACING SHOX 36 Float Performance,widelce,1699.0
Amortyzator rowerowy FOX RACING SHOX 36 Float Performance Elite 2025,widelce,5899.0
Amortyzator rowerowy FOX RACING SHOX 36 Performance Float Elite,widelce,2199.0
Amortyzator rowerowy FOX RACING SHOX 36 Performance Series,widelce,1499.0
Amortyzator rowerowy FOX RACING SHOX 36 Rhythm,widelce,1299.0
Amortyzator rowerowy FOX RACING SHOX 36 SL Factory Float 2026,widelce,5099.0
Amortyzator rowerowy FOX RACING SHOX 38 Factory Float FS 2025,widelce,5299.0
Amortyzator rowerowy FOX RACING SHOX 38 Performance Float,widelce,2599.0
Amortyzator rowerowy FOX RACING SHOX 40 Factory Float,widelce,8499.0
Amortyzator rowerowy ROCK SHOX 35 Gold RL,widelce,649.99
Amortyzator rowerowy ROCK SHOX 35 Gold RL DB A2,widelce,649.99
Amortyzator rowerowy ROCK SHOX 35 Silver TK,widelce,374.99
Amortyzator rowerowy ROCK SHOX Domain R,widelce,699.99
Amortyzator rowerowy ROCK SHOX Judy Gold RL,widelce,1389.0
Amortyzator rowerowy ROCK SHOX Judy Silver TK,widelce,599.99
Amortyzator rowerowy ROCK SHOX Lyrik Select,widelce,1149.0
Amortyzator rowerowy ROCK SHOX Lyrik Select D1,widelce,1199.0
Amortyzator rowerowy ROCK SHOX Lyrik Ultimate,widelce,5499.0
Amortyzator rowerowy ROCK SHOX Lyrik Ultimate Charger 3 RC2,widelce,3749.0
Amortyzator rowerowy ROCK SHOX Lyrik Ultimate Flight Attendant,widelce,2599.0
Amortyzator rowerowy ROCK SHOX Paragon Gold RL,widelce,874.99
Amortyzator rowerowy ROCK SHOX Pike DJ,widelce,3499.0
Amortyzator rowerowy ROCK SHOX Pike Select Charger RC,widelce,3499.0
Amortyzator rowerowy ROCK SHOX Pike Ultimate Charger 3 RC2,widelce,2249.0
Amortyzator rowerowy ROCK SHOX Psylo Gold RC,widelce,1179.0
Amortyzator rowerowy ROCK SHOX Psylo Silver,widelce,999.99
Amortyzator rowerowy ROCK SHOX Reba Gold 2026,widelce,1799.0
Amortyzator rowerowy ROCK SHOX Reba RL,widelce,1999.0
Amortyzator rowerowy ROCK SHOX Recon Gold RL,widelce,699.99
Amortyzator rowerowy ROCK SHOX Recon Silver RL Solo Air,widelce,434.99
Amortyzator rowerowy ROCK SHOX Revelation RC,widelce,1799.0
Amortyzator rowerowy ROCK SHOX Revelation RL,widelce,979.99
Amortyzator rowerowy ROCK SHOX Revelation RLT,widelce,999.99
Amortyzator rowerowy ROCK SHOX Rudy Base XPLR,widelce,1199.0
Amortyzator rowerowy ROCK SHOX Rudy Ultimate,widelce,1499.0
Amortyzator rowerowy ROCK SHOX Rudy Ultimate XPLR,widelce,1499.0
Amortyzator rowerowy ROCK SHOX Rudy XL Ultimate XPLR,widelce,4299.0
Amortyzator rowerowy ROCK SHOX SID SL Select AM FS E1,widelce,2699.0
Amortyzator rowerowy ROCK SHOX SID SL Select Charger RL,widelce,1399.0
Amortyzator rowerowy ROCK SHOX SID SL Select+,widelce,1799.0
Amortyzator rowerowy ROCK SHOX SID SL Ultimate 2026,widelce,3499.0
Amortyzator rowerowy ROCK SHOX SID SL Ultimate Flight Attendant,widelce,6499.0
Amortyzator rowerowy ROCK SHOX SID Select RL,widelce,1399.0
Amortyzator rowerowy ROCK SHOX SID Ultimate Flight Attendant,widelce,3999.0
Amortyzator rowerowy ROCK SHOX SID Ultimate Race Day,widelce,2999.0
Amortyzator rowerowy ROCK SHOX Yari RC,widelce,1099.0
Amortyzator rowerowy ROCK SHOX ZEB,widelce,4099.0
Amortyzator rowerowy ROCK SHOX ZEB R,widelce,1799.0
Amortyzator rowerowy ROCK SHOX ZEB Select Charger RC,widelce,3299.0
Amortyzator rowerowy ROCK SHOX ZEB Ultimate Charger 3 RC2,widelce,2999.0
Damper rowerowy FOX RACING SHOX DHX2,widelce,4099.0
Damper rowerowy FOX RACING SHOX DHX2 2025,widelce,2699.0
Damper rowerowy FOX RACING SHOX DHX2 2026,widelce,3149.0
Damper rowerowy FOX RACING SHOX Float DPS Factory,widelce,2199.0
Damper rowerowy FOX RACING SHOX Float DPS Performance Elite,widelce,2999.0
Damper rowerowy FOX RACING SHOX Float Factory 2025,widelce,2149.0
Damper rowerowy FOX RACING SHOX Float Performance Elite,widelce,1799.0
Damper rowerowy FOX RACING SHOX Float SL Factory 2025,widelce,2959.0
Damper rowerowy FOX RACING SHOX Float X Factory,widelce,2499.0
Damper rowerowy FOX RACING SHOX Float X Factory E-Tuned,widelce,999.99
Damper rowerowy FOX RACING SHOX Float X Performance Elite,widelce,1899.0
Damper rowerowy FOX RACING SHOX Float X2,widelce,1499.0
Damper rowerowy FOX RACING SHOX Float X2 Factory,widelce,2199.0
Damper rowerowy FOX RACING SHOX Float X2 Factory 2026,widelce,3299.0
Damper rowerowy FOX RACING SHOX Float X2 Performance Elite,widelce,1499.0
Damper rowerowy ROCK SHOX Deluxe R,widelce,1499.0
Damper rowerowy ROCK SHOX Deluxe Select,widelce,401.99
Damper rowerowy ROCK SHOX Deluxe Select R,widelce,1499.0
Damper rowerowy ROCK SHOX Deluxe Select+,widelce,349.99
Damper rowerowy ROCK SHOX Deluxe Ultimate RCT,widelce,449.99
Damper rowerowy ROCK SHOX Monarch Plus RC3,widelce,1399.0
Damper rowerowy ROCK SHOX Monarch R,widelce,484.99
Damper rowerowy ROCK SHOX Monarch RT3,widelce,1299.0
Damper rowerowy ROCK SHOX Monarch XX,widelce,799.99
Damper rowerowy ROCK SHOX SID Luxe Select+,widelce,449.99
Damper rowerowy ROCK SHOX SIDLuxe Ultimate 2P Remote,widelce,1289.0
Damper rowerowy ROCK SHOX SIDLuxe Ultimate 3P,widelce,1699.0
Damper rowerowy ROCK SHOX SIDLuxe Ultimate 3P Remote,widelce,1359.0
Damper rowerowy ROCK SHOX SIDLuxe Ultimate Flight Attendant,widelce,2699.0
Damper rowerowy ROCK SHOX SIDLuxe Ultimate RL,widelce,499.99
Damper rowerowy ROCK SHOX SIDLuxe Ultimate Remote,widelce,599.99
Damper rowerowy ROCK SHOX Super Deluxe Select,widelce,699.99
Damper rowerowy ROCK SHOX Super Deluxe Select R,widelce,1099.0
Damper rowerowy ROCK SHOX Super Deluxe Ultimate,widelce,799.99
Damper rowerowy ROCK SHOX Super Deluxe Ultimate Flight Attendant,widelce,4699.0
Damper rowerowy ROCK SHOX Super Deluxe Ultimate RC2T,widelce,799.99
Damper rowerowy ROCK SHOX Vivid,widelce,2399.0
Damper rowerowy ROCK SHOX Vivid R2C,widelce,1699.0
Damper rowerowy ROCK SHOX Vivid Select,widelce,1899.0
Damper rowerowy ROCK SHOX Vivid Ultimate,widelce,2399.0
Kapa ROCK SHOX PushLoc XC32/Recon SIlver,widelce,69.99
Kapa ROCK SHOX Recon Gold TK RL/Sektor TK /Reba,widelce,89.99
Kontroler elektroniczny ROCK SHOX AXS,widelce,599.99
Moduł sterujący ROCK SHOX Lyrik Flight Attendant,widelce,2099.0
Odbojniki do amortyzatorów ODI FOX 40,widelce,74.99
Odbojniki do amortyzatorów ODI RockShox Boxxer,widelce,64.99
Podkładka ROCK SHOX Bottomless Token 5 szt.,widelce,62.99
Pokrętło blokady ROCK SHOX 30 Silver/Recon/Sector/30 Gold/XC32,widelce,78.99
Pokrętło regulacji odbicia FOX RACING SHOX 2017 FIT4 for 32 and 32 Step-Cast 29,widelce,139.99
Spacer Kit FOX RACING SHOX Air Volume,widelce,124.99
Tokeny amortyzatora FOX RACING SHOX Float,widelce,31.99
Tokeny amortyzatora ROCK SHOX 35mm 11.4018.032.000,widelce,52.99
Tuleje montażowe ROCK SHOX ,widelce,74.99
Tulejka ślizgowa FOX RACING SHOX ,widelce,24.99
Uchwyt przewodu hamulca FOX RACING SHOX ,widelce,69.99
Upgrade Kit FOX RACING SHOX Live Valve Neo Tuning Kit V2,widelce,129.99
Zestaw czujników FOX RACING SHOX Live Valve Neo Kit,widelce,1889.0
Zestaw montażowy dampera FOX RACING SHOX ,widelce,109.99
Zestaw naprawczy ROCK SHOX Recon Gold RL Boost A4 2018+,widelce,69.99
