name,category,price,url
Przerzutka tylna SRAM XX1 Eagle AXS,przerzutki,2599.0,https://www.centrumrowerowe.pl/przerzutka-tylna-sram-xx1-eagle-axs-pd20369/
Przerzutka tylna SRAM GX Eagle Type 3 ,przerzutki,389.99,https://www.centrumrowerowe.pl/przerzutka-tylna-sram-gx-eagle-type-3-pd16721/
Przerzutka tylna SHIMANO Deore XT RD-M8250 Di2,przerzutki,2049.0,https://www.centrumrowerowe.pl/przerzutka-tylna-shimano-deore-xt-rd-m8250-di2-pd49345/
Przerzutka tylna SHIMANO Deore RD-M4120,przerzutki,94.99,https://www.centrumrowerowe.pl/przerzutka-tylna-shimano-deore-rd-m4120-pd22292/
Przerzutka tylna SHIMANO Deore RD-M5120,przerzutki,124.99,https://www.centrumrowerowe.pl/przerzutka-tylna-shimano-deore-rd-m5120-pd23967/
Przerzutka tylna SHIMANO SLX RD-M7100,przerzutki,199.99,https://www.centrumrowerowe.pl/przerzutka-tylna-shimano-slx-rd-m7100-pd20164/
Przerzutka tylna SHIMANO Deore XT Linkglide RD-M8130-SGS,przerzutki,279.99,https://www.centrumrowerowe.pl/przerzutka-tylna-shimano-deore-xt-linkglide-rd-m8130-sgs-pd30846/
Przerzutka tylna SHIMANO Deore XT RD-M8100,przerzutki,304.99,https://www.centrumrowerowe.pl/przerzutka-tylna-shimano-deore-xt-rd-m8100-pd20217/
Przerzutka tylna SRAM Eagle 70 Transmission,przerzutki,439.99,https://www.centrumrowerowe.pl/przerzutka-tylna-sram-eagle-70-transmission-pd48172/
Przerzutka tylna SHIMANO Saint RD-M820,przerzutki,464.99,https://www.centrumrowerowe.pl/przerzutka-tylna-shimano-saint-rd-m820-pd7620/
Przerzutka tylna SHIMANO XTR RD-M9100,przerzutki,619.99,https://www.centrumrowerowe.pl/przerzutka-tylna-shimano-xtr-rd-m9100-pd18861/
Przerzutka tylna SRAM Eagle 90 Transmission,przerzutki,649.99,https://www.centrumrowerowe.pl/przerzutka-tylna-sram-eagle-90-transmission-pd48170/
Przerzutka tylna SRAM X01 Eagle,przerzutki,899.99,https://www.centrumrowerowe.pl/przerzutka-tylna-sram-x01-eagle-pd15978/
Przerzutka tylna SHIMANO Deore Di2 RD-M6250-SGS,przerzutki,1189.0,https://www.centrumrowerowe.pl/przerzutka-tylna-shimano-deore-di2-rd-m6250-sgs-pd51379/
Przerzutka tylna SRAM GX Eagle AXS,przerzutki,1299.0,https://www.centrumrowerowe.pl/przerzutka-tylna-sram-gx-eagle-axs-pd25562/
Przerzutka tylna SHIMANO Deore XT Di2 RD-M8150,przerzutki,1299.0,https://www.centrumrowerowe.pl/przerzutka-tylna-shimano-deore-xt-di2-rd-m8150-pd39748/
Przerzutka tylna SRAM GX Eagle AXS Transmission T-Type,przerzutki,1589.0,https://www.centrumrowerowe.pl/przerzutka-tylna-sram-gx-eagle-axs-transmission-t-type-pd36303/
Przerzutka tylna SHIMANO Deore XT RD-M8260-11L Di2,przerzutki,1589.0,https://www.centrumrowerowe.pl/przerzutka-tylna-shimano-deore-xt-rd-m8260-11l-di2-pd49346/
Przerzutka tylna SRAM X01 Eagle AXS,przerzutki,2199.0,https://www.centrumrowerowe.pl/przerzutka-tylna-sram-x01-eagle-axs-pd25680/
Przerzutka tylna SHIMANO XTR Di2 RD-M9250,przerzutki,1899.0,https://www.centrumrowerowe.pl/przerzutka-tylna-shimano-xtr-di2-rd-m9250-pd49107/
Przerzutka tylna SHIMANO XTR Di2 RD-M9260,przerzutki,1999.0,https://www.centrumrowerowe.pl/przerzutka-tylna-shimano-xtr-di2-rd-m9260-pd49450/
Przerzutka tylna SRAM XX1 Eagle Type 3,przerzutki,1399.0,https://www.centrumrowerowe.pl/przerzutka-tylna-sram-xx1-eagle-type-3-pd10142/
Przerzutka tylna SHIMANO Deore XT RD-M8120,przerzutki,349.99,https://www.centrumrowerowe.pl/przerzutka-tylna-shimano-deore-xt-rd-m8120-pd20241/
Przerzutka tylna SHIMANO Deore Di2 RD-M6260-12,przerzutki,1199.0,https://www.centrumrowerowe.pl/przerzutka-tylna-shimano-deore-di2-rd-m6260-12-pd51378/
Przerzutka tylna SHIMANO Deore Di2 RD-M6260-11L,przerzutki,1199.0,https://www.centrumrowerowe.pl/przerzutka-tylna-shimano-deore-di2-rd-m6260-11l-pd51380/
Zacisk hamulca tarczowego SHIMANO Deore BR-MT500,hamulce,95.99,https://www.centrumrowerowe.pl/zacisk-hamulca-tarczowego-shimano-deore-br-mt500-pd20374/
Zacisk hamulca tarczowego SHIMANO SLX BR-M7100,hamulce,114.99,https://www.centrumrowerowe.pl/zacisk-hamulca-tarczowego-shimano-slx-br-m7100-pd20166/
Zacisk hamulca tarczowego SHIMANO Deore BR-MT420,hamulce,162.99,https://www.centrumrowerowe.pl/zacisk-hamulca-tarczowego-shimano-deore-br-mt420-pd20286/
Zacisk hamulca tarczowego SHIMANO Deore XT BR-M8100,hamulce,174.99,https://www.centrumrowerowe.pl/zacisk-hamulca-tarczowego-shimano-deore-xt-br-m8100-pd20242/
Hamulec tarczowy SRAM DB8,hamulce,189.99,https://www.centrumrowerowe.pl/hamulec-tarczowy-sram-db8-pd31524/
Zacisk hamulca tarczowego SHIMANO Deore BR-MT520,hamulce,204.99,https://www.centrumrowerowe.pl/zacisk-hamulca-tarczowego-shimano-deore-br-mt520-pd20375/
Zacisk hamulca tarczowego SRAM DB8 A1,hamulce,219.99,https://www.centrumrowerowe.pl/zacisk-hamulca-tarczowego-sram-db8-a1-pd31526/
Zacisk hamulca tarczowego SHIMANO Deore XT BR-M8200,hamulce,239.99,https://www.centrumrowerowe.pl/zacisk-hamulca-tarczowego-shimano-deore-xt-br-m8200-pd50534/
Zacisk hamulca tarczowego SHIMANO Deore BR-M6120,hamulce,256.99,https://www.centrumrowerowe.pl/zacisk-hamulca-tarczowego-shimano-deore-br-m6120-pd31586/
Zacisk hamulca tarczowego SHIMANO SLX BR-M7120,hamulce,269.99,https://www.centrumrowerowe.pl/zacisk-hamulca-tarczowego-shimano-slx-br-m7120-pd20165/
Hamulec tarczowy SHIMANO SLX BL-M7100 / BR-M7100,hamulce,264.99,https://www.centrumrowerowe.pl/hamulec-tarczowy-shimano-slx-bl-m7100-br-m7100-pd20158/
Hamulec tarczowy SRAM Guide T,hamulce,299.99,https://www.centrumrowerowe.pl/hamulec-tarczowy-sram-guide-t-pd21256/
Zacisk hamulca tarczowego SHIMANO Deore XT BR-M8120,hamulce,309.99,https://www.centrumrowerowe.pl/zacisk-hamulca-tarczowego-shimano-deore-xt-br-m8120-pd20243/
Hamulec tarczowy SHIMANO Deore XT BL-M8100 / BR-M8100,hamulce,329.99,https://www.centrumrowerowe.pl/hamulec-tarczowy-shimano-deore-xt-bl-m8100-br-m8100-pd20235/
Hamulce tarczowe SRAM DB8,hamulce,349.99,https://www.centrumrowerowe.pl/hamulce-tarczowe-sram-db8-pd44653/
Hamulec tarczowy SRAM Guide R,hamulce,349.99,https://www.centrumrowerowe.pl/hamulec-tarczowy-sram-guide-r-pd18207/
Hamulec tarczowy SHIMANO SLX BL-M7100 / BR-M7120,hamulce,369.99,https://www.centrumrowerowe.pl/hamulec-tarczowy-shimano-slx-bl-m7100-br-m7120-pd20157/
Hamulec tarczowy SHIMANO Deore XT BL-M8100 / BR-M8120,hamulce,499.99,https://www.centrumrowerowe.pl/hamulec-tarczowy-shimano-deore-xt-bl-m8100-br-m8120-pd20236/
Hamulec tarczowy SRAM Guide RS,hamulce,449.99,https://www.centrumrowerowe.pl/hamulec-tarczowy-sram-guide-rs-pd4523/
Zacisk hamulca tarczowego SHIMANO XTR BR-M9220,hamulce,529.99,https://www.centrumrowerowe.pl/zacisk-hamulca-tarczowego-shimano-xtr-br-m9220-pd52632/
Zacisk hamulca tarczowego SHIMANO XTR BR-M9120,hamulce,599.99,https://www.centrumrowerowe.pl/zacisk-hamulca-tarczowego-shimano-xtr-br-m9120-pd18865/
Hamulec tarczowy SRAM Maven Base,hamulce,599.99,https://www.centrumrowerowe.pl/hamulec-tarczowy-sram-maven-base-pd49727/
Hamulec tarczowy SHIMANO Saint BL-M820 / BR-M820,hamulce,615.99,https://www.centrumrowerowe.pl/hamulec-tarczowy-shimano-saint-bl-m820-br-m820-pd7614/
Hamulec tarczowy SHIMANO XTR BL-M9100 / BR-M9100,hamulce,669.99,https://www.centrumrowerowe.pl/hamulec-tarczowy-shimano-xtr-bl-m9100-br-m9100-pd18878/
Hamulec tarczowy SHIMANO XTR BL-M9200 / BR-M9200,hamulce,749.99,https://www.centrumrowerowe.pl/hamulec-tarczowy-shimano-xtr-bl-m9200-br-m9200-pd49086/
Hamulec tarczowy SHIMANO XTR BL-M9120 / BR-M9120,hamulce,829.99,https://www.centrumrowerowe.pl/hamulec-tarczowy-shimano-xtr-bl-m9120-br-m9120-pd18875/
Hamulec tarczowy SRAM Maven Silver,hamulce,849.99,https://www.centrumrowerowe.pl/hamulec-tarczowy-sram-maven-silver-pd40382/
Hamulec tarczowy SHIMANO XTR BL-M9220 / BR-M9220,hamulce,869.99,https://www.centrumrowerowe.pl/hamulec-tarczowy-shimano-xtr-bl-m9220-br-m9220-pd49087/?v_Id=263888
Hamulec tarczowy SRAM Maven Ultimate,hamulce,939.99,https://www.centrumrowerowe.pl/hamulec-tarczowy-sram-maven-ultimate-pd40381/
Hamulec tarczowy SHIMANO Deore XT BL-M8200/BR-M8220,hamulce,639.99,https://www.centrumrowerowe.pl/hamulec-tarczowy-shimano-deore-xt-bl-m8200-br-m8220-pd49356/?v_Id=264649
Hamulec tarczowy SHIMANO Deore XT BL-M8200/BR-M8200,hamulce,564.99,https://www.centrumrowerowe.pl/hamulec-tarczowy-shimano-deore-xt-bl-m8200-br-m8200-pd49355/
Zacisk hamulca tarczowego SHIMANO Deore BR-MT410,hamulce,147.99,https://www.centrumrowerowe.pl/zacisk-hamulca-tarczowego-shimano-deore-br-mt410-pd23338/
Zacisk hamulca tarczowego SHIMANO Deore XT BR-M8110,hamulce,249.99,https://www.centrumrowerowe.pl/zacisk-hamulca-tarczowego-shimano-deore-xt-br-m8110-pd23339/
Zacisk hamulca tarczowego SHIMANO Deore XT BR-M8220,hamulce,319.99,https://www.centrumrowerowe.pl/zacisk-hamulca-tarczowego-shimano-deore-xt-br-m8220-pd52630/
Zacisk hamulca tarczowego SHIMANO Saint BR-M820,hamulce,414.99,https://www.centrumrowerowe.pl/zacisk-hamulca-tarczowego-shimano-saint-br-m820-pd7613/
Kaseta SRAM GX Eagle XG-1275,kasety,664.99,https://www.centrumrowerowe.pl/kaseta-sram-gx-eagle-xg-1275-pd16114/
Kaseta SRAM XX1 Eagle XG-1299 ,kasety,1569.0,https://www.centrumrowerowe.pl/kaseta-sram-xx1-eagle-xg-1299-pd15954/
Kaseta SHIMANO SLX CS-HG81,kasety,139.99,https://www.centrumrowerowe.pl/kaseta-shimano-slx-cs-hg81-pd16051/
Kaseta SHIMANO Deore XT CS-M770,kasety,194.99,https://www.centrumrowerowe.pl/kaseta-shimano-deore-xt-cs-m770-pd16044/
Kaseta SHIMANO SLX CS-M7100,kasety,279.99,https://www.centrumrowerowe.pl/kaseta-shimano-slx-cs-m7100-pd20153/
Kaseta SHIMANO Deore XT CS-M8100,kasety,399.99,https://www.centrumrowerowe.pl/kaseta-shimano-deore-xt-cs-m8100-pd20219/
Kaseta SHIMANO Deore XT CS-M8200,kasety,497.99,https://www.centrumrowerowe.pl/kaseta-shimano-deore-xt-cs-m8200-pd49344/
Kaseta SRAM GX Eagle XS-1275 T-Type,kasety,929.99,https://www.centrumrowerowe.pl/kaseta-sram-gx-eagle-xs-1275-t-type-pd36304/
Kaseta SHIMANO XTR CS-M9101,kasety,1039.0,https://www.centrumrowerowe.pl/kaseta-shimano-xtr-cs-m9101-pd18856/
Kaseta SRAM X01 Eagle XG-1295,kasety,1299.0,https://www.centrumrowerowe.pl/kaseta-sram-x01-eagle-xg-1295-pd15952/
Kaseta SRAM X0 Eagle XS-1295 T-Type,kasety,1469.0,https://www.centrumrowerowe.pl/kaseta-sram-x0-eagle-xs-1295-t-type-pd35111/
Kaseta SHIMANO XTR CS-M9200,kasety,1599.0,https://www.centrumrowerowe.pl/kaseta-shimano-xtr-cs-m9200-pd49108/
Kaseta SRAM XX Eagle XS-1297 T-Type,kasety,1999.0,https://www.centrumrowerowe.pl/kaseta-sram-xx-eagle-xs-1297-t-type-pd35110/
Kaseta SHIMANO Deore XT CS-M771,kasety,204.99,https://www.centrumrowerowe.pl/kaseta-shimano-deore-xt-cs-m771-pd16045/
Łańcuch SHIMANO Deore XT CN-HG93,lancuchy,74.99,https://www.centrumrowerowe.pl/lancuch-shimano-deore-xt-cn-hg93-pd3294/
Łańcuch SHIMANO 105 / SLX CN-HG601,lancuchy,85.99,https://www.centrumrowerowe.pl/lancuch-shimano-105-slx-cn-hg601-pd2761/
Łańcuch SRAM SX Eagle,lancuchy,84.99,https://www.centrumrowerowe.pl/lancuch-sram-sx-eagle-pd33394/
Łańcuch SHIMANO 105 / GRX / SLX CN-M7100,lancuchy,91.99,https://www.centrumrowerowe.pl/lancuch-shimano-105-grx-slx-cn-m7100-pd20167/
Łańcuch SRAM GX Eagle,lancuchy,94.99,https://www.centrumrowerowe.pl/lancuch-sram-gx-eagle-pd16287/
Łańcuch SRAM Eagle 70 T-Type,lancuchy,96.99,https://www.centrumrowerowe.pl/lancuch-sram-eagle-70-t-type-pd48160/
Łańcuch SHIMANO Ultegra / GRX / Deore XT CN-M8100,lancuchy,124.99,https://www.centrumrowerowe.pl/lancuch-shimano-ultegra-grx-deore-xt-cn-m8100-pd20218/
Łańcuch SHIMANO Dura Ace / XTR CN-HG901,lancuchy,139.99,https://www.centrumrowerowe.pl/lancuch-shimano-dura-ace-xtr-cn-hg901-pd10101/
Łańcuch SRAM GX Eagle T-Type,lancuchy,164.99,https://www.centrumrowerowe.pl/lancuch-sram-gx-eagle-t-type-pd36305/
Łańcuch SHIMANO Dura Ace / XTR CN-M9100,lancuchy,185.99,https://www.centrumrowerowe.pl/lancuch-shimano-dura-ace-xtr-cn-m9100-pd18862/
Łańcuch SRAM X01 Eagle,lancuchy,196.99,https://www.centrumrowerowe.pl/lancuch-sram-x01-eagle-pd6619/
Łańcuch SRAM XX1 Eagle,lancuchy,276.99,https://www.centrumrowerowe.pl/lancuch-sram-xx1-eagle-pd6622/
Łańcuch SRAM X0 Eagle T-Type,lancuchy,319.99,https://www.centrumrowerowe.pl/lancuch-sram-x0-eagle-t-type-pd35157/
Łańcuch SRAM XX Eagle T-Type,lancuchy,434.99,https://www.centrumrowerowe.pl/lancuch-sram-xx-eagle-t-type-pd35158/
Łańcuch SRAM XX SL Eagle,lancuchy,579.99,https://www.centrumrowerowe.pl/lancuch-sram-xx-sl-eagle-pd35181/
Amortyzator rowerowy ROCK SHOX Psylo Silver,widelce,999.99,https://www.centrumrowerowe.pl/amortyzator-rowerowy-rock-shox-psylo-silver-pd51537/
Amortyzator rowerowy ROCK SHOX Yari RC,widelce,1099.0,https://www.centrumrowerowe.pl/amortyzator-rowerowy-rock-shox-yari-rc-pd25550/
Amortyzator rowerowy ROCK SHOX Lyrik Select,widelce,1149.0,https://www.centrumrowerowe.pl/amortyzator-rowerowy-rock-shox-lyrik-select-pd47496/
Amortyzator rowerowy ROCK SHOX Psylo Gold RC,widelce,1179.0,https://www.centrumrowerowe.pl/amortyzator-rowerowy-rock-shox-psylo-gold-rc-pd49780/
Amortyzator rowerowy ROCK SHOX Lyrik Select D1,widelce,1199.0,https://www.centrumrowerowe.pl/amortyzator-rowerowy-rock-shox-lyrik-select-d1-pd49120/
Amortyzator rowerowy FOX RACING SHOX 36 Rhythm,widelce,1299.0,https://www.centrumrowerowe.pl/amortyzator-rowerowy-fox-racing-shox-36-rhythm-pd47514/
Amortyzator rowerowy FOX RACING SHOX 36 Performance Series,widelce,1499.0,https://www.centrumrowerowe.pl/amortyzator-rowerowy-fox-racing-shox-36-performance-series-pd26534/
Amortyzator rowerowy FOX RACING SHOX 36 Float,widelce,1499.0,https://www.centrumrowerowe.pl/amortyzator-rowerowy-fox-racing-shox-36-float-pd48789/
Amortyzator rowerowy FOX RACING SHOX 36 Float E-Optimized,widelce,1599.0,https://www.centrumrowerowe.pl/amortyzator-rowerowy-fox-racing-shox-36-float-e-optimized-pd27702/
Amortyzator rowerowy FOX RACING SHOX 36 Float Performance,widelce,1699.0,https://www.centrumrowerowe.pl/amortyzator-rowerowy-fox-racing-shox-36-float-performance-pd45483/
Amortyzator rowerowy ROCK SHOX ZEB R,widelce,1799.0,https://www.centrumrowerowe.pl/amortyzator-rowerowy-rock-shox-zeb-r-pd49958/
Amortyzator rowerowy FOX RACING SHOX 36 Factory Float,widelce,2499.0,https://www.centrumrowerowe.pl/amortyzator-rowerowy-fox-racing-shox-36-factory-float-pd36593/?v_Id=262913
Amortyzator rowerowy FOX RACING SHOX 36 Performance Float Elite,widelce,2199.0,https://www.centrumrowerowe.pl/amortyzator-rowerowy-fox-racing-shox-36-performance-float-elite-pd45168/
Amortyzator rowerowy ROCK SHOX Pike Ultimate Charger 3 RC2,widelce,2249.0,https://www.centrumrowerowe.pl/amortyzator-rowerowy-rock-shox-pike-ultimate-charger-3-rc2-pd31558/
Amortyzator rowerowy FOX RACING SHOX 38 Performance Float,widelce,2599.0,https://www.centrumrowerowe.pl/amortyzator-rowerowy-fox-racing-shox-38-performance-float-pd45175/
Amortyzator rowerowy ROCK SHOX ZEB Ultimate Charger 3 RC2,widelce,2999.0,https://www.centrumrowerowe.pl/amortyzator-rowerowy-rock-shox-zeb-ultimate-charger-3-rc2-pd31559/?v_Id=263966
Amortyzator rowerowy ROCK SHOX Pike DJ,widelce,3499.0,https://www.centrumrowerowe.pl/amortyzator-rowerowy-rock-shox-pike-dj-pd28232/?v_Id=166177
Amortyzator rowerowy FOX RACING SHOX 36 Factory Float FS 2025,widelce,3699.0,https://www.centrumrowerowe.pl/amortyzator-rowerowy-fox-racing-shox-36-factory-float-fs-2025-pd42770/
Amortyzator rowerowy ROCK SHOX ZEB,widelce,4099.0,https://www.centrumrowerowe.pl/amortyzator-rowerowy-rock-shox-zeb-pd37225/
Amortyzator rowerowy FOX RACING SHOX 36 Factory Float 2026,widelce,5899.0,https://www.centrumrowerowe.pl/amortyzator-rowerowy-fox-racing-shox-36-factory-float-2026-pd48193/
Amortyzator rowerowy FOX RACING SHOX 36 SL Factory Float 2026,widelce,5099.0,https://www.centrumrowerowe.pl/amortyzator-rowerowy-fox-racing-shox-36-sl-factory-float-2026-pd48199/
Amortyzator rowerowy FOX RACING SHOX 38 Factory Float FS 2025,widelce,5299.0,https://www.centrumrowerowe.pl/amortyzator-rowerowy-fox-racing-shox-38-factory-float-fs-2025-pd42769/?v_Id=234932
Amortyzator rowerowy ROCK SHOX Lyrik Ultimate,widelce,5499.0,https://www.centrumrowerowe.pl/amortyzator-rowerowy-rock-shox-lyrik-ultimate-pd52409/
Amortyzator rowerowy FOX RACING SHOX 40 Factory Float,widelce,8499.0,https://www.centrumrowerowe.pl/amortyzator-rowerowy-fox-racing-shox-40-factory-float-pd36595/
Damper rowerowy FOX RACING SHOX Float X Factory E-Tuned,widelce,999.99,https://www.centrumrowerowe.pl/damper-rowerowy-fox-racing-shox-float-x-factory-e-tuned-pd53878/
Damper rowerowy FOX RACING SHOX Float X2,widelce,1499.0,https://www.centrumrowerowe.pl/damper-rowerowy-fox-racing-shox-float-x2-pd27676/
Damper rowerowy FOX RACING SHOX Float X2 Performance Elite,widelce,1499.0,https://www.centrumrowerowe.pl/damper-rowerowy-fox-racing-shox-float-x2-performance-elite-pd50915/?v_Id=275892
Damper rowerowy ROCK SHOX Vivid R2C,widelce,1699.0,https://www.centrumrowerowe.pl/damper-rowerowy-rock-shox-vivid-r2c-pd28929/
Damper rowerowy FOX RACING SHOX Float Performance Elite,widelce,1799.0,https://www.centrumrowerowe.pl/damper-rowerowy-fox-racing-shox-float-performance-elite-pd52296/
Damper rowerowy FOX RACING SHOX Float X Performance Elite,widelce,1899.0,https://www.centrumrowerowe.pl/damper-rowerowy-fox-racing-shox-float-x-performance-elite-pd45452/
Damper rowerowy ROCK SHOX Vivid Select,widelce,1899.0,https://www.centrumrowerowe.pl/damper-rowerowy-rock-shox-vivid-select-pd45515/
Damper rowerowy FOX RACING SHOX Float Factory 2025,widelce,2149.0,https://www.centrumrowerowe.pl/damper-rowerowy-fox-racing-shox-float-factory-2025-pd44982/
Damper rowerowy FOX RACING SHOX Float DPS Factory,widelce,2199.0,https://www.centrumrowerowe.pl/damper-rowerowy-fox-racing-shox-float-dps-factory-pd27662/
Damper rowerowy ROCK SHOX Vivid Ultimate,widelce,2399.0,https://www.centrumrowerowe.pl/damper-rowerowy-rock-shox-vivid-ultimate-pd48520/
Damper rowerowy FOX RACING SHOX Float X2 Factory,widelce,2199.0,https://www.centrumrowerowe.pl/damper-rowerowy-fox-racing-shox-float-x2-factory-pd42193/
Damper rowerowy ROCK SHOX Vivid,widelce,2399.0,https://www.centrumrowerowe.pl/damper-rowerowy-rock-shox-vivid-pd52417/
Damper rowerowy FOX RACING SHOX Float X Factory,widelce,2499.0,https://www.centrumrowerowe.pl/damper-rowerowy-fox-racing-shox-float-x-factory-pd45442/
Damper rowerowy FOX RACING SHOX Float DPS Performance Elite,widelce,2999.0,https://www.centrumrowerowe.pl/damper-rowerowy-fox-racing-shox-float-dps-performance-elite-pd53621/
Damper rowerowy FOX RACING SHOX DHX2 2026,widelce,3149.0,https://www.centrumrowerowe.pl/damper-rowerowy-fox-racing-shox-dhx2-2026-pd49477/
Damper rowerowy FOX RACING SHOX Float X2 Factory 2026,widelce,3299.0,https://www.centrumrowerowe.pl/damper-rowerowy-fox-racing-shox-float-x2-factory-2026-pd49469/
Damper rowerowy FOX RACING SHOX DHX2,widelce,4099.0,https://www.centrumrowerowe.pl/damper-rowerowy-fox-racing-shox-dhx2-pd27670/
Amortyzator rowerowy ROCK SHOX Lyrik Ultimate Charger 3 RC2,widelce,3749.0,https://www.centrumrowerowe.pl/amortyzator-rowerowy-rock-shox-lyrik-ultimate-charger-3-rc2-pd31556/
Amortyzator rowerowy ROCK SHOX ZEB Select Charger RC,widelce,3299.0,https://www.centrumrowerowe.pl/amortyzator-rowerowy-rock-shox-zeb-select-charger-rc-pd28259/
Amortyzator rowerowy ROCK SHOX Pike Select Charger RC,widelce,3499.0,https://www.centrumrowerowe.pl/amortyzator-rowerowy-rock-shox-pike-select-charger-rc-pd28275/
Amortyzator rowerowy FOX RACING SHOX 36 Float Performance Elite 2025,widelce,5899.0,https://www.centrumrowerowe.pl/amortyzator-rowerowy-fox-racing-shox-36-float-performance-elite-2025-pd44890/
Damper rowerowy FOX RACING SHOX DHX2 2025,widelce,2699.0,https://www.centrumrowerowe.pl/damper-rowerowy-fox-racing-shox-dhx2-2025-pd42620/
Damper rowerowy FOX RACING SHOX Float SL Factory 2025,widelce,2959.0,https://www.centrumrowerowe.pl/damper-rowerowy-fox-racing-shox-float-sl-factory-2025-pd44966/
